3.1735,-22.166,4.9392,47.865,24.455,1
14.196,-29.875,15.135,34.068,32.027,1
10.873,-36.559,10.677,38.282,34.068,1
6.5747,-29.549,-6.6078,40.572,24.144,1
7.012,-8.7807,1.042,46.093,23.983,1
3.6648,-17.556,4.5301,46.524,22.168,1
4.167,-18.699,7.8628,47.933,28.68,1
-0.16152,-22.212,1.9456,29.577,29.57,1
-0.55799,-21.204,4.5357,33.306,15.779,1
13.939,-23.808,1.3864,47.268,17.141,1
0.46418,-28.215,9.0758,33.501,20.537,1
7.5628,-31.906,14.281,44.87,25.521,1
2.6093,-25.119,11.099,36.833,25.627,1
-4.3608,-24.41,14.185,44.676,32.303,1
-1.7265,-14.17,-4.5781,42.737,30.925,1
7.638,-12.289,6.1875,46.982,29.615,1
16.466,-38.885,26.488,44.367,30.044,1
9.2096,-19.419,4.9293,41.635,29.179,1
11.277,-19.313,1.3447,39.352,18.628,1
7.3752,-29.106,6.8092,32.165,21.832,1
-1.3273,-14.641,6.9507,36.46,18.459,1
15.541,-23.561,1.4975,38.406,28.264,1
0.63635,-29.189,-3.1305,40.611,18.696,1
0.59775,-16.85,20.228,40.037,35.276,1
-0.76895,-19.685,-11.703,47.137,31.268,1
1.7365,-37.351,17.198,33.785,31.888,1
14.571,-18.857,-7.6289,42.366,23.724,1
13.774,-15.144,6.0215,29.406,23.831,1
-1.3426,-24.081,-14.211,47.838,19.918,1
11.549,-29.105,5.5954,46.889,19.702,1
0.68363,-27.295,15.884,43.813,26.743,1
2.1806,-13.752,11.259,48.913,32.225,1
-1.0893,-25.785,-3.6069,34.839,32.786,1
1.8268,-20.74,8.936,36.65,18.967,1
-4.195,-24.5,-6.9028,42.92,25.615,1
7.685,-24.446,9.1643,37.965,36.745,1
-1.8519,-29.579,18.84,45.74,31.7,1
2.8862,-23.778,21.12,33.993,28.387,1
-2.5765,-34.625,18.029,31.583,31.835,1
10.543,-27.746,13.71,39.774,31.545,1
-7.5062,-20.022,-11.98,42.934,29.244,1
-4.22,-26.828,1.0269,42.151,34.858,1
-0.40902,-28.73,7.0645,30.11,26.908,1
-0.88068,-14.495,14.74,34.863,31.428,1
-8.7405,-19.122,11.953,30.785,27.127,1
2.0396,-29.962,25.041,33.614,31.979,1
-9.8123,-7.1821,-13.204,36.156,21.295,1
17.751,-29.597,2.8149,33.089,11.277,1
2.6164,-35.994,5.5244,39.101,31.195,1
1.9872,-26.333,6.4939,49.523,36.334,1
3.571,-17.291,14.324,39.169,22.31,1
-0.90546,-27.187,2.6273,35.078,24.339,1
-2.7218,-29.814,9.8218,39.674,29.998,1
2.4746,-34.103,5.423,49.695,33.382,1
12.969,-20.346,-5.2781,44.038,29.552,1
2.5428,-34.993,26.51,47.453,22.65,1
2.9042,-36.986,9.729,40.98,28.517,1
-4.3855,-33.786,17.675,39.979,25.057,1
-7.7396,-11.922,-8.3274,42.37,24.371,1
2.7781,-10.456,5.5419,39.703,17.048,1
-3.8226,-35.82,16.521,35.886,31.553,1
14.622,-12.151,-12.235,34.76,18.991,1
-3.7643,-14.249,11.587,48.358,28.469,1
-8.2361,-17.635,6.4927,45.952,21.865,1
-3.0377,-21.056,6.1937,43.153,34.863,1
11.259,-23.823,4.8094,35.627,24.658,1
7.1086,-19.425,-5.3948,33.634,24.846,1
15.233,-26.513,0.21761,38.918,10.369,1
14.065,-30.22,-3.3623,45.194,15.953,1
-8.0403,-26.309,10.609,32.754,27.03,1
1.8687,-14.41,-0.30705,42.44,27.576,1
5.3393,-31.728,10.149,36.01,29.764,1
-4.6458,-18.399,-1.8289,39.059,17.893,1
-7.8169,-16.327,16.383,38.025,18.588,1
1.7891,-32.596,3.7209,45.582,21.062,1
-0.68707,-34.114,5.6818,47.287,24.591,1
3.5919,-21.269,-5.776,47.027,22.36,1
8.5404,-13.196,13.895,47.98,24.526,1
-6.2757,-31.155,24.55,40.397,24.002,1
-1.3335,-25.8,13.981,47.688,26.151,1
12.945,-17.22,10.796,40.083,23.175,1
1.1654,-33.555,17.336,49.23,26.713,1
0.31756,-25.233,-11.994,39.482,23.574,1
4.9093,-13.074,-11.199,36.648,20.08,1
9.9805,-36.971,11.403,48.326,16.873,1
-0.90373,-19.23,18.237,41.611,30.461,1
1.2784,-17.446,-6.188,34.449,27.016,1
-0.41579,-26.82,7.8232,43.349,28.663,1
-4.4806,-19.913,24.363,36.117,35.521,1
0.66661,-28.71,10.103,32.314,26.931,1
10.015,-37.79,11.815,36.541,23.865,1
16.194,-20.682,2.2046,47.337,18.403,1
1.4988,-33.436,2.3646,36.503,29.384,1
7.863,-26.266,18.024,47.001,23.989,1
-5.4619,-24.778,-3.507,32.345,30.228,1
-3.6398,-23.877,-4.2941,45.181,26.103,1
-4.4117,-28.209,13.622,34.68,33.724,1
-4.2701,-18.753,-4.9096,31.028,19.277,1
-0.79906,-25.062,-1.1111,39.651,25.799,1
7.525,-29.85,8.9612,37.82,19.531,1
1.5426,-18.487,5.0902,46.884,16.017,1
-0.76592,-32.63,16.804,42.763,30.677,1
3.8582,-32.282,-0.43084,35.676,34.551,1
5.4288,-13.372,5.0464,32.41,34.415,1
8.1671,-27.333,0.3127,31.675,33.025,1
5.3496,-34.571,15.936,30.236,24.51,1
7.4439,-17.709,20.045,30.637,21.275,1
-4.2,-29.668,-7.8655,45.998,33.92,1
6.2751,-22.143,3.2612,34.937,24.377,1
10.857,-23.448,-5.6018,33.667,29.781,1
9.3256,-15.009,9.6872,44.15,31.823,1
14.275,-24.662,2.95,41.668,14.78,1
-1.6307,-19.401,23.505,40.765,18.322,1
0.44151,-23.24,-1.9887,48.486,30.111,1
-11.003,-27.784,17.006,45.087,41.752,1
13.979,-18.32,8.8074,38.74,18.576,1
-0.33009,-35.601,5.4252,30.994,33.6,1
15.51,-22.976,7.9066,44.352,19.297,1
-2.203,-10.376,8.9203,43.551,36.797,1
17.591,-19.646,5.435,36.423,21.244,1
-2.7456,-17.205,0.11099,37.501,17.079,1
-3.0477,-19.54,-1.7527,35.388,30.647,1
4.6599,-8.016,5.9469,31.344,21.718,1
9.8957,-26.358,0.83432,30.85,18.987,1
10.787,-20.982,-12.346,48.084,16.569,1
-2.5504,-32.339,7.356,33.16,38.637,1
2.5467,-16.943,-4.1064,43.207,27.546,1
15.455,-23.563,16.202,33.163,17.453,1
16.811,-23.474,21.159,37.628,27.558,1
9.1164,-27.858,16.457,34.446,20.642,1
-5.5043,-30.956,20.513,49.163,22.664,1
-5.0006,-9.0271,4.1773,48.112,23.949,1
0.88934,-27.905,-6.9675,37.318,14.014,1
18.088,-25.657,-6.1442,35.817,16.228,1
12.843,-25.301,21.323,30.871,20.629,1
-2.1856,-9.1679,10.87,41.709,19.02,1
0.55975,-20.5,17.914,34.337,27.337,1
-1.4017,-23.119,-2.9511,45.256,19.15,1
-3.2322,-15.674,-12.186,40.731,24.932,1
7.7664,-14.681,2.5157,44.229,23.045,1
1.8556,-30.904,-3.192,32.606,17.855,1
3.6164,-23.283,19.666,44.791,25.753,1
-0.48004,-25.241,2.9441,37.344,29.188,1
-3.6129,-25.377,8.0626,37.549,29.453,1
4.334,-20.797,-3.633,36.058,13.382,1
7.9591,-37.555,10.178,30.165,18.342,1
-8.4174,-24.789,-3.59,43.171,30.39,1
18.062,-28.656,5.8749,46.969,14.051,1
2.3889,-30.101,13.145,35.434,21.649,1
6.5467,-30.939,14.391,44.892,27.124,1
-1.4917,-20.438,-4.6897,43.247,15.526,1
8.2554,-16.873,13.344,35.229,15.242,1
-4.8885,-8.5556,-6.8247,37.174,32.013,1
8.8187,-31.339,0.9236,42.631,17.116,1
6.8221,-15.066,3.3185,46.634,26.37,1
8.5774,-26.181,-7.0896,29.368,26.97,1
14.636,-31.716,0.96057,33.828,15.33,1
12.653,-26.166,11.643,29.385,23.903,1
-5.9509,-20.661,-6.6201,43.164,28.669,1
-6.8774,-19.585,8.5485,30.212,28.369,1
2.5656,-22.18,5.9265,30.28,19.397,1
-5.9781,-31.767,19.073,33.638,38.999,1
5.5155,-21.739,16.675,39.551,35.775,1
-2.1527,-24.203,-1.7237,31.605,20.21,1
7.1689,-33.565,5.9813,43.141,35.418,1
11.432,-28.642,1.743,48.772,27.341,1
-3.7534,-15.027,22.242,47.475,36.307,1
7.6307,-30.077,11.967,39.368,16.167,1
-3.7921,-12.868,6.0624,34.606,23.107,1
-5.5637,-8.9812,9.8033,39.283,20.774,1
2.1657,-27.822,-6.3434,32.477,16.812,1
-5.3761,-22.185,0.62736,37.572,35.82,1
1.9267,-9.9938,6.6311,42.198,26.703,1
2.542,-8.3277,-12.791,39.733,32.423,1
6.8587,-24.11,1.8359,44.331,32.859,1
11.138,-11.954,5.7205,39.561,31.93,1
3.9324,-11.142,3.1035,32.032,20.999,1
-1.3806,-16.038,19.613,49.335,25.469,1
9.1132,-20.71,-12.843,44.793,20.332,1
10.923,-15.986,2.5687,42.244,11.215,1
0.6076,-22.924,23.411,31.616,36.904,1
10.823,-26.446,-4.0986,35.849,16.168,1
14.153,-26.923,13.336,29.51,24.358,1
-7.5092,-14.773,0.93268,34.986,32.72,1
-0.37318,-34.938,17.367,43.883,21.46,1
-6.2914,-21.961,9.7633,44.415,29.712,1
-0.45001,-22.405,17.153,33.977,18.812,1
2.2909,-23.595,12.277,32.915,16.382,1
0.7904,-19.467,-7.8339,30.833,22.895,1
6.5993,-17.748,6.8757,44.478,37.955,1
3.4459,-15.948,-2.3788,41.091,17.559,1
12.815,-14.851,-4.019,30.064,24.599,1
1.0581,-26.206,6.5253,30.509,25.619,1
-1.0328,-21.6,1.9936,37.306,28.474,1
0.45625,-24.656,-0.4056,47.759,13.25,1
6.9828,-23.235,0.35272,34.479,32.838,1
7.5815,-15.753,14.94,33.92,16.189,1
11.348,-26.707,1.7546,46.114,17.663,1
0.93031,-32.36,13.906,32.62,30.596,1
11.88,-24.548,4.4078,44.214,34.761,1
6.3819,-25.611,-0.45745,30.523,26.853,1
-6.9193,-15.868,15.236,44.402,20.211,1
1.2345,-28.931,10.322,33.523,38.803,1
8.1822,-28.27,14.046,32.833,35.799,1
-2.774,-29.816,19.072,37.289,22.094,1
14.087,-19.036,10.013,48.474,13.511,1
0.8897,-21.557,11.931,43.313,29.365,1
17.166,-15.964,-10.39,35.406,27.981,1
17.168,-23.65,7.9417,36.115,27.701,1
3.5153,-29.086,11.244,34.67,28.447,1
9.9977,-26.687,-5.2806,38.207,13.336,1
7.3029,-21.511,13.263,34.9,24.451,1
3.0322,-23.396,6.3851,38.163,14.532,1
-5.9048,-29.799,15.258,43.178,23.313,1
8.394,-30.812,4.125,41.032,23.214,1
2.1711,-21.785,18.526,47.384,34.831,1
2.54,-13.554,0.28398,35.919,27.64,1
16.431,-20.775,-6.3888,37.636,14.884,1
11.407,-28.097,-7.3113,35.047,26.142,1
8.783,-25.949,-2.4546,35.443,18.124,1
-9.6434,-33.305,13.854,37.21,34.517,1
-1.1661,-15.511,6.4256,40.209,29.871,1
-3.9055,-25.468,18.217,38.886,30.739,1
18.062,-14.985,-2.4304,35.798,20.217,1
0.96579,-13.918,2.6577,38.533,30.297,1
-2.0475,-23.374,1.3751,48.698,24.484,1
-8.2743,-22.329,2.9307,48.918,27.599,1
-8.3471,-18.535,6.3107,41.736,20.158,1
1.582,-31.674,13.323,41.68,16.132,1
5.9248,-33.536,4.0988,43.067,27.542,1
12.918,-33.013,10.12,44.319,20.604,1
-8.3462,-20.925,14.108,34.637,39.693,1
-1.2319,-25.492,14.108,29.988,15.673,1
3.8551,-32.295,7.7588,41.825,15.982,1
-0.69183,-17.234,3.7282,47.727,30.004,1
-9.0533,-25.264,9.9396,37.875,27.213,1
1.5658,-19.957,8.7873,47.585,30.057,1
14.82,-34.823,10.047,48.135,18.707,1
-8.2691,-17.704,1.4286,47.02,34.992,1
5.451,-30.411,23.179,30.304,34.013,1
-6.8917,-24.085,9.2555,48.675,27.132,1
12.461,-16.622,10.442,47.02,30.883,1
-3.6633,-26.407,7.321,38.541,28.962,1
0.53734,-23.722,18.183,39.946,19.867,1
-0.97244,-15.703,3.8005,36.481,27.157,1
14.014,-26.421,3.453,44.08,22.405,1
5.8668,-18.846,4.7955,46.658,18.643,1
1.6657,-26.774,2.4384,31.501,25.635,1
-7.1703,-26.126,2.4813,44.015,20.37,1
-7.5818,-17.933,19.981,36.981,33.374,1
5.7782,-14.336,12.756,38.055,30.55,1
7.4881,-24.919,13.636,34.751,17.419,1
16.588,-15.914,-2.6511,39.304,17.41,1
-0.37173,-28.871,3.0825,37.579,31.695,1
-1.2166,-30.434,10.44,29.732,22.698,1
15.88,-23.8,3.5538,40.941,24.087,1
1.4843,-18.204,-1.8497,46.805,25.827,1
3.4524,-20.683,-5.7402,48.202,17.081,1
16.763,-29.586,-3.4931,34.664,10.942,1
12.241,-25.199,2.462,34.321,17.454,1
1.7917,-27.34,18.142,38.159,34.291,1
16.81,-15.515,-0.098999,32.087,28.488,1
0.54233,-14.706,6.0191,41.408,22.918,1
-2.4357,-28.893,11.661,30.736,30.248,1
-7.8191,-16.897,4.2971,49.544,17.559,1
2.627,-21.497,17.009,48.104,36.371,1
8.4651,-28.647,13.384,30.981,30.473,1
5.1129,-9.7892,-14.895,38.215,24.856,1
6.8429,-25.56,22.455,37.815,26.972,1
5.7412,-10.004,-0.93691,36.225,15.279,1
5.6424,-11.86,-11.6,42.706,13.046,1
6.6439,-14.663,-1.6068,42.176,29.405,1
-1.3554,-12.582,5.2016,36.303,30.814,1
-0.50048,-37.253,16.476,40.582,22.43,1
11.643,-16.926,5.2454,37.567,22.825,1
9.1584,-25.123,14.952,43.682,39.34,1
10.545,-23.188,7.5947,29.835,23.164,1
5.4931,-23.656,-7.1877,30.804,33.976,1
6.0813,-15.282,8.7171,35.58,24.152,1
-4.3334,-18.586,22.629,31.908,29.89,1
-9.3004,-19.572,15.364,31.617,24.36,1
13.381,-26.074,-9.0406,43.943,21.396,1
2.9552,-9.1064,-14.318,41.281,30.834,1
0.96431,-12.824,-6.9118,46.142,25.148,1
0.188,-19.381,3.5597,47.401,25.449,1
-7.1058,-22.647,-8.8097,31.117,28.688,1
-1.9429,-22.643,9.4754,32.964,14.207,1
14.897,-12.781,2.0143,33.072,19.27,1
-8.2166,-25.944,-7.7567,43.947,33.036,1
3.8463,-20.375,-10.594,29.396,26.132,1
1.1159,-33.04,8.311,29.479,25.069,1
-0.9427,-17.516,1.9555,35.19,20.064,1
2.1382,-13.724,9.1431,34.962,36.058,1
-2.4557,-23.327,-11.708,43.117,16.21,1
8.7875,-26.528,-10.72,35.492,29.358,1
5.7754,-18.691,-3.048,29.261,24.715,1
-3.8536,-20.579,-0.45898,30.127,26.489,1
-10.504,-31.878,24.607,37.315,33.158,1
5.7551,-32.847,8.4424,33.649,23.339,1
-3.5244,-15.396,3.7381,45.61,20.597,1
-3.3448,-19.224,11.366,29.685,28.973,1
3.6179,-17.21,15.039,46.03,30.809,1
-3.9243,-13.918,13.626,39.999,32.844,1
-5.3444,-16.726,1.241,35.85,18.401,1
11.016,-26.057,2.0607,45.179,29.505,1
6.1446,-22.828,0.72107,34.744,18.394,1
15.786,-32.059,20.158,39.09,31.386,1
13.806,-10.842,1.878,31.16,12.727,1
4.8573,-15.262,5.8149,36.489,27.632,1
11.148,-16.428,2.4778,47.61,11.863,1
-0.45589,-28.569,25.904,35.595,39.449,1
0.69778,-28.768,5.4275,34.574,22.398,1
8.4792,-31.363,7.1726,38.329,27.485,1
0.24394,-33.337,13.348,32.521,18.255,1
6.1563,-19.19,-6.2469,44.698,21.418,1
5.33,-36.15,26.044,34.274,35.459,1
9.1102,-26.735,0.075135,31.834,13.118,1
-0.90786,-34.157,16.186,44.174,21.742,1
13.244,-28.026,-8.7282,30.913,23.993,1
3.4714,-15.218,-4.1292,49.055,17.247,1
-6.2909,-22.547,0.79829,45.743,19.236,1
10.169,-16.135,-6.1444,36.202,25.021,1
1.6519,-16.329,16.026,33.223,23.78,1
6.355,-21.205,14.279,48.543,23.045,1
6.2839,-13.92,-0.94503,30.481,20.301,1
2.5349,-19.166,-10.12,47.681,24.944,1
-0.87272,-22.125,15.465,35.318,26.579,1
15.941,-21.385,19.006,33.784,25.008,1
-1.2796,-22.832,-3.7238,30.468,18.285,1
0.24953,-29.643,24.642,42.583,26.629,1
8.9598,-25.661,18.799,40.011,25.634,1
-2.4092,-21.903,3.7067,46.535,26.795,1
-1.0224,-33.155,16.068,30.481,32.372,1
-0.74901,-9.7258,-3.6838,36.706,15.927,1
2.7577,-26.405,12.461,32.773,32.148,1
-0.31461,-12.974,3.974,39.226,24.064,1
-1.9034,-25.288,7.4744,32.367,23.802,1
2.3655,-27.127,16.043,30.76,38.099,1
3.123,-26.545,11.444,33.047,30.079,1
0.024087,-26.722,0.69163,42.91,20.424,1
13.515,-32.201,19.505,40.475,28.897,1
-2.0315,-16.026,-6.4222,37.178,25.168,1
5.4323,-19.684,0.69653,36.123,18.71,1
4.4304,-14.5,-11.64,42.245,29.222,1
13.456,-18.774,8.4457,35.802,17.388,1
15.756,-38.587,25.606,30.13,22.63,1
5.8983,-24.772,15.713,30.58,22.25,1
-2.8802,-16.61,-4.0623,32.344,17.39,1
-2.0449,-29.142,15.512,37.034,24.841,1
10.259,-23.665,12.003,48.512,25.155,1
13.745,-18.618,-10.025,33.1,28.348,1
10.731,-28.723,17.08,39.814,16.798,1
4.9033,-22.122,-0.74549,33.267,31.717,1
11.629,-20.18,3.5912,39.306,19.58,1
6.9398,-37.892,14.803,30.97,36.926,1
-2.9878,-16.985,-11.826,33.87,17.679,1
-6.6192,-20.567,8.2356,39.664,21.809,1
9.0057,-31.711,6.2405,31.797,20.103,1
-0.1717,-16.301,6.4568,47.433,30.171,1
15.594,-24.757,7.4939,45.2,25.95,1
7.7192,-20.328,4.7012,45.062,29.731,1
11.764,-24.501,8.6429,44.654,35.725,1
-9.9919,-15.129,20.184,49.789,38.28,1
-6.0484,-26.211,-3.6021,40.543,15.619,1
3.1987,-18.759,1.1935,43.142,28.091,1
-9.6806,-10.885,6.3675,45.274,19.101,1
13.439,-36.707,20.815,39.058,20.973,1
13.276,-14.404,2.7711,47.509,25.223,1
14.676,-40.01,25.678,31.396,23.913,1
5.8933,-31.084,5.7268,35.184,34.411,1
5.7609,-22.367,11.865,29.291,31.442,1
9.393,-22.379,4.1911,45.194,30.605,1
8.9501,-23.638,9.838,41.311,21.94,1
7.6548,-25.503,22.949,40.498,26.391,1
-4.0394,-20.508,18.634,31.536,19.405,1
9.5284,-17.696,0.52549,43.983,17.488,1
3.7586,-28.875,26.335,29.488,23.082,1
-1.6284,-23.083,6.5108,40.291,24.995,1
7.4398,-24.476,-1.4379,34.453,28.732,1
13.703,-30.386,11.05,40.314,20.637,1
-3.4845,-14.359,17.494,31.918,38.282,1
-9.3458,-13.006,16.407,48.541,21.321,1
8.3171,-23.892,-5.3557,31.737,21.941,1
6.6225,-21.098,-5.9981,45.4,29.811,1
9.1694,-19.159,18.988,41.436,34.064,1
8.6469,-25.59,11.656,41.571,19.802,1
6.0313,-28.996,6.7266,48.862,33.447,1
-0.36988,-19.855,12.506,37.902,35.737,1
9.5811,-23.803,-0.157,33.196,18.282,1
-9.4481,-13.931,11.085,35.716,33.922,1
0.10742,-27.695,16.663,32.575,28.012,1
-8.0841,-21.636,2.0816,47.098,36.262,1
2.1718,-27.457,-1.3935,33.069,26.239,1
2.5522,-12.036,2.4395,48.043,29.573,1
7.9499,-29.979,15.744,45.394,21.687,1
-4.5665,-28.622,12.579,39.477,37.929,1
6.7967,-23.125,-1.2483,43.632,17.53,1
-10.385,-17.604,3.1361,46.876,24.292,1
12,-29.249,0.40804,44.835,32.611,1
3.4163,-23.564,-5.0396,42.084,24.647,1
19.853,-16.058,0.40517,33.192,11.803,1
-1.8917,-22.838,10.165,46.085,16.469,1
13.462,-30.125,9.4409,39.97,16.283,1
7.0688,-24.556,-5.3653,33.381,22.149,1
18.122,-22.183,-0.23776,48.737,19.919,1
8.0513,-20.474,16.533,35.306,32.487,1
-3.1857,-23.709,-1.0048,47.92,33.119,1
-2.8375,-24.472,11.04,31.646,18.471,1
3.9356,-24.492,-6.0292,41.966,17.48,1
5.9051,-20.975,-1.3267,40.354,28.892,1
-2.4969,-35.882,18.152,42.46,26.271,1
8.7899,-28.826,-0.45857,47.148,22.812,1
3.3264,-19.08,2.024,30.236,26.883,1
-8.3508,-17.701,-7.4409,48.237,19.893,1
-1.8731,-21.837,10.013,30.307,21.328,1
3.8031,-27.449,6.6868,31.594,14.766,1
3.4088,-34.44,26.624,44,34.646,1
-5.3328,-15.053,0.1808,44.22,21.729,1
-4.5872,-29.375,8.0352,30.033,21.421,1
-5.275,-25.045,20.49,35.632,36.374,1
-3.7932,-14.216,4.3834,34.324,29.483,1
4.5436,-26.281,-0.42633,44.754,28.921,1
-1.0248,-22.952,2.1647,45.448,30.084,1
6.4886,-26.92,-9.8241,45.084,12.87,1
1.1877,-27.877,14.853,42.477,16.498,1
1.5219,-10.956,9.0071,47.843,35.105,1
5.8944,-23.553,13.037,40.013,24.281,1
7.4108,-15.837,14.679,50.069,41.094,1
9.0683,-17.526,19.689,48.11,26.499,1
8.2499,-16.819,-9.6896,36.814,33.523,1
7.1999,-25.127,10.282,46.566,20.585,1
-6.8913,-28.027,1.3511,35.958,31.35,1
-4.2604,-25.971,28.598,31.914,26.497,1
1.9105,-24.13,-5.8729,45.574,30.749,1
12.597,-21.315,5.5891,35.522,29.887,1
1.14,-19.201,-9.6897,38.348,15.534,1
-10.507,-16.071,0.53114,31.281,30.909,1
9.8869,-23.935,9.4486,31.109,34.474,1
9.1688,-31.236,10.705,37.695,26.824,1
1.9621,-19.124,4.4035,38.682,19.46,1
-0.6401,-12.821,5.4368,49.749,30.774,1
0.86851,-12.932,6.1498,32.774,19.61,1
-4.458,-23.619,20.326,43.226,37.584,1
6.3938,-25.27,10.6,31.777,18.795,1
-3.4824,-16.125,-4.6577,46.718,30.09,1
6.6207,-36.663,17.194,31.136,32.054,1
4.4953,-8.79,-9.89,44.334,26.923,1
1.8351,-31.807,11.293,35.752,35.128,1
9.7791,-18.903,-0.32478,34.671,21.168,1
3.7973,-22.237,27.726,39.658,29.467,1
-4.0026,-15.805,19.815,46.111,36.612,1
19.323,-28.627,-9.3864,28.961,12.431,1
16.213,-20.067,-9.0932,33.903,12.7,1
7.6236,-25.624,-7.2787,43.052,30.536,1
8.7426,-13.346,2.9214,40.824,16.714,1
4.7534,-26.913,20.207,41.611,22.569,1
9.389,-20.374,14.181,35.777,32.333,1
2.5596,-14.128,-7.6203,39.248,32.957,1
-4.0949,-24.933,14.118,35.525,34.871,1
-6.5129,-22.84,4.5455,33.774,31.239,1
-0.98195,-33.195,9.424,32.053,37.51,1
15.701,-28.515,0.71665,37.8,16.917,1
11.556,-20.544,-5.5488,35.039,16.322,1
-2.9998,-29.631,9.466,46.3,29.032,1
-3.2784,-19.208,22.613,-29.397,18.142,2
-2.5705,-12.094,17.331,-37.391,18.036,2
-4.8526,-10.667,11.531,-31.148,25.239,2
14.028,-3.3551,27.952,-33.286,32.033,2
-0.14703,-8.6461,21.914,-38.439,14.652,2
-5.4216,-25.028,15.441,-37.585,18.062,2
3.0828,-14.927,14.51,-41.923,15.811,2
-0.50681,-5.6734,18.924,-30.787,18.063,2
7.6001,-12.992,14.411,-32.53,25.996,2
6.307,-9.4056,17.146,-41.5,28.316,2
11.831,-6.1946,24.4,-29.056,18.522,2
5.4487,-7.414,10.07,-37.813,27.945,2
1.252,-8.3749,10.416,-37.856,14.815,2
-11.329,-21.918,23.915,-33.238,22.99,2
-0.66816,-20.253,20.751,-37.703,17.171,2
8.6077,-9.2346,18.526,-36.641,13.585,2
-5.4961,-31.848,10.616,-32.624,23.754,2
2.0795,-11.055,8.6727,-50.628,13.362,2
-3.7544,-18.248,20.164,-51.287,8.8137,2
8.3031,-0.88141,10.539,-37.441,27.974,2
-5.5283,-19.095,23.329,-28.25,17.719,2
1.547,-7.3376,14.434,-25.19,32.169,2
16.11,-13.987,7.3729,-22.907,28.442,2
12.801,-6.9191,8.1318,-32.599,17.803,2
0.62109,-14.704,16.352,-37.273,17.12,2
-8.4668,-7.6654,15.2,-46.001,14.363,2
6.5896,-19.563,20.589,-39.154,24.549,2
2.4731,-12.333,17.559,-46.932,22.882,2
-11.165,-15.535,17.137,-40.974,18.372,2
4.3472,-0.70751,17.717,-32.003,20.662,2
3.5259,-12.638,18.706,-29.5,28.967,2
2.0719,-6.7218,7.1091,-39.119,26.92,2
-2.261,-13.207,3.8558,-37.307,7.8731,2
-1.3535,-9.0609,18.271,-39.229,14.088,2
0.88956,-14.599,16.324,-42.543,26.652,2
7.0879,-7.4048,6.8999,-34.486,12.886,2
-7.2534,-22.59,15.875,-32.248,11.705,2
10.067,-20.105,9.9304,-30.617,20.731,2
-8.1563,-19.393,3.9997,-35.538,18.521,2
-2.1003,-30.857,7.6051,-33.145,13.8,2
6.4724,0.52244,18.312,-30.162,16.906,2
-2.4741,-19.339,13.051,-41.078,16.998,2
2.4141,-15.804,8.108,-41.346,12.648,2
-6.2114,-14.52,20.079,-44.046,15.579,2
9.0659,-13.544,19.34,-24.417,14.326,2
6.5521,-22.823,22.619,-29.29,25.203,2
11.159,-15.995,25.847,-31.38,16.523,2
4.5249,-9.1779,9.7029,-39.299,17.054,2
3.3656,-20.531,16.028,-38.257,20.37,2
15.283,-2.0734,24.905,-35.181,28.935,2
-6.1637,-16.926,6.5285,-38.729,19.304,2
1.9286,-17.68,18.008,-33.404,22.94,2
9.7691,-15.487,7.7765,-25.158,18.895,2
6.2741,-24.209,13.806,-42.243,13.609,2
12.72,-0.47302,16.059,-33.181,22.582,2
-3.3319,-8.9609,1.5531,-39.847,18.581,2
-5.9035,-19.145,16.408,-41.339,19.513,2
3.7943,-5.2309,15.451,-39.373,20.32,2
-1.5682,-3.8675,15.877,-24.86,28.6,2
-2.5204,-18.232,13.644,-44.502,28.016,2
10.019,-9.8464,13.63,-42.706,17.908,2
11.052,-12.857,16.42,-24.155,29.534,2
3.6144,-15.49,25.672,-29.084,12.741,2
10.138,-21.833,12.209,-23.919,27.558,2
-1.4818,-29.152,4.8957,-34.728,21.149,2
0.81457,-28.922,12.894,-31.796,25.039,2
-2.8702,-0.61483,13.117,-32.451,22.123,2
3.2397,-24.776,16.517,-26.097,12.228,2
6.9561,-16.711,8.1268,-43.637,8.6393,2
-3.7945,-25.821,15.917,-43.114,20.553,2
7.2871,-12.175,15.63,-44.863,18.989,2
3.2821,-19.554,14.775,-38.539,13.405,2
1.5389,-8.7435,5.0287,-38.799,27.594,2
-5.4244,-14.717,4.6674,-43.216,17.037,2
6.9666,-25.175,9.4554,-30.591,17.593,2
-13.148,-31.351,15.768,-32.846,15.168,2
-4.5272,-5.8247,15.071,-32.201,17.619,2
-1.4019,-12.576,10.997,-41.739,21.491,2
-2.8807,-24.501,9.4507,-33.059,20.64,2
0.69371,-13.304,13.888,-41.762,23.517,2
-8.0362,-22.829,26.611,-27.954,27.966,2
0.83047,-9.2786,8.9769,-23.423,15.529,2
-0.78256,-6.2892,12.711,-36.705,26.32,2
-3.3524,-18.766,2.8238,-39.248,7.3957,2
2.1669,-16.399,20.386,-43.187,27.801,2
4.5998,-25.238,15.405,-29.741,10.895,2
2.2406,-13.552,17.761,-25.522,23.976,2
-5.1277,-4.1849,12.083,-46.035,11.095,2
11.059,-14.853,13.589,-22.027,29.741,2
-2.6264,-1.9861,21.029,-41.565,23.457,2
-2.8936,-13.555,10.951,-42.417,10.419,2
-6.24,-27.191,6.3259,-40.635,23.147,2
0.78754,-12.742,10.636,-26.688,11.775,2
9.2306,-6.2137,11.672,-32.142,26.222,2
-5.8147,-24.758,11.148,-42,21.607,2
5.7334,-8.9161,11.827,-42.818,21.551,2
-0.20503,-12.589,17.969,-29.909,28.696,2
-7.6502,-26.51,18.965,-29.73,28.878,2
-8.2846,-21.871,3.0003,-46.128,20.031,2
-0.6305,-27.953,26.518,-37.936,21.047,2
8.1351,-7.0842,16.109,-27.114,23.179,2
-9.2943,-9.9652,13.807,-31.82,21.047,2
7.7681,-18.797,8.1431,-30.496,17.43,2
9.0194,-12.461,5.8392,-29.73,21.022,2
0.22662,-21.93,11.846,-38.914,10.039,2
3.1002,-16.446,11.101,-31.199,13.796,2
0.28847,-20.281,11.131,-34.459,14.323,2
11.951,-14.842,23.721,-37.675,10.612,2
-8.4371,-21.52,5.023,-37.756,16.293,2
2.5206,-25.993,20.607,-32.614,27.454,2
-5.2174,-18.632,20.71,-38.733,19.668,2
8.9497,-4.3694,18.3,-27.015,24.685,2
11.426,-5.3228,8.1677,-41.657,11.61,2
11.452,-18.974,12.593,-42.861,18.762,2
-4.029,-22.268,14.994,-46.039,15.246,2
-4.8146,-18.148,14.037,-39.026,18.739,2
-1.5912,-9.1421,17.264,-33.312,22.384,2
1.4004,-14.048,22.012,-38.077,21.016,2
-4.1389,-22.467,22.491,-44.253,24.831,2
9.6979,-17.601,26.162,-41.175,29.823,2
16.046,-8.9176,3.1898,-24.632,26.559,2
-2.8736,-23.504,13.783,-49.157,11.826,2
6.1081,-25.865,6.2006,-37.359,22.996,2
4.2539,-16.089,16.875,-40.469,26.485,2
-10.664,-23.815,16.376,-28.966,19.917,2
-0.15811,-15.719,8.2356,-37.281,25.38,2
-7.4321,-18.537,16.946,-39.294,19.678,2
11.479,-2.0715,15.855,-26.379,12.71,2
6.2353,-14.308,24.453,-29.18,18.003,2
9.5078,-11.616,25.531,-20.331,27.163,2
-2.9238,-13.669,23.331,-37.572,23.145,2
12.837,-4.4751,17.465,-30.245,22.39,2
5.1716,-22.977,4.6497,-35.861,28.027,2
10.91,-11.938,10.089,-32.341,21.766,2
5.5303,-1.6097,24.708,-29.823,20.837,2
-0.78696,-8.8728,10.506,-24.68,31.361,2
14.228,-14.494,14.307,-28.65,12.845,2
-6.3952,-29.21,12.452,-30.798,10.863,2
-1.4854,-19.468,9.05,-36.066,13.724,2
8.1356,-10.99,20.611,-42.687,11.231,2
5.114,-17.739,15.076,-39.109,27.05,2
3.6792,-1.8393,21.692,-41.779,30.492,2
-4.2506,-11.995,2.9195,-47.887,13.841,2
6.8618,-0.84633,19.52,-35.185,22.725,2
2.5845,-0.25436,11.672,-28.739,18.093,2
0.3818,-14.108,8.3577,-33.056,16.546,2
-2.9962,-20.877,3.6518,-38.014,15.258,2
2.8395,-10.625,1.3054,-29.83,29.097,2
1.6209,-12.127,1.5295,-43.217,19.517,2
13.795,-6.2003,11.542,-41.145,14.361,2
7.5634,-12.686,23.09,-40.016,11.507,2
8.1792,-9.1935,14.781,-41.26,16.225,2
6.8111,-17.035,17.319,-41.876,17.866,2
3.7696,-10.665,14.311,-41.518,18.143,2
-3.9036,-13.811,26.053,-29.501,14.161,2
4.4864,1.4039,7.2642,-38.754,26.763,2
9.5722,-14.904,22.294,-22.362,23.155,2
13.345,1.2814,19.239,-26.676,15.968,2
3.3159,-28.541,9.4831,-38.056,13.222,2
9.3119,-14.216,2.404,-26.7,18.075,2
1.0282,-10.249,10.914,-26.274,28.14,2
-4.1938,-17.953,20.727,-44.696,12.224,2
14.102,-19.925,11.467,-38.086,9.4677,2
20.175,-9.9336,20.266,-30.812,19.748,2
0.75531,-3.45,15.294,-36.739,18.009,2
-9.0582,-25.734,26.456,-32.084,11.791,2
11.552,-23.322,7.4084,-31.84,17.109,2
-1.0959,-13.37,17.556,-28.246,17.156,2
0.65329,-22.541,17.867,-50.557,21.892,2
12.326,-4.936,10.4,-23.726,27.849,2
3.6336,-16.331,1.4012,-50.689,12.761,2
5.5031,-26.015,13.061,-41.029,27.315,2
14.401,-0.68274,19.75,-34.025,13.635,2
7.2027,-10.908,15.077,-31.659,18.579,2
-2.4677,-15.353,12.63,-33.612,18.825,2
8.1383,-10.14,18.423,-37.467,19.14,2
9.7463,-17.341,17.864,-33.999,20.677,2
10.295,-12.109,19.575,-41.334,21.342,2
5.4413,-12.359,22.039,-33.442,20.839,2
4.2595,-16.053,13.551,-32.035,22.093,2
15.124,-12.676,15.912,-29.35,17.114,2
-7.6209,-12.882,10.532,-33.653,25.291,2
4.0164,-8.5409,7.8681,-31.027,21.881,2
-3.1412,-17.687,5.6694,-41.596,14.974,2
-9.9221,-32.712,7.953,-38.545,24.112,2
5.6159,-1.3352,10.447,-22.722,13.842,2
0.5057,-1.6459,11.63,-40.432,25.131,2
16.727,-2.2939,28.389,-40.237,31.755,2
-2.9668,-29.148,16.207,-29.732,21.87,2
-2.4662,-25.752,11.195,-34.597,24.746,2
2.5258,-6.3671,6.3168,-41.531,11.561,2
10.054,-10.233,15.376,-40.661,16.776,2
5.8102,-15.484,12.822,-43.773,25.72,2
11.525,-14.669,19.256,-28.545,26.179,2
7.0599,-12.94,18.982,-29.645,17.098,2
12.932,-21,21.009,-39.292,29.948,2
-1.3404,-14.069,10.464,-50.668,23.212,2
1.0405,-13.324,21.503,-31.863,26.182,2
16.561,-15.321,4.3674,-31.122,22.298,2
0.013071,-18.81,12.193,-40.733,15.421,2
11.739,-12.988,18.335,-43.764,11.694,2
-6.4544,-13.683,13.573,-43.327,14.199,2
4.0449,-0.11951,9.4277,-33.587,21.675,2
2.1076,-21.188,16.327,-32.238,22.002,2
5.1729,-0.0046876,24.876,-37.272,18.534,2
-7.5389,-21.084,25.261,-34.949,23.232,2
16.654,-1.7127,7.2737,-32.328,15.997,2
1.2633,-20.66,14.514,-43.593,10.808,2
-1.8945,-1.7208,18.651,-33.441,21.519,2
3.4868,-11.313,19.686,-27.361,19.529,2
-2.9502,-12.642,19.694,-33.585,17.22,2
6.0942,-16.769,12.912,-25.175,16.357,2
8.179,-20.803,19.77,-41.288,28.116,2
1.4565,-3.7464,8.1735,-30.753,27.889,2
3.5965,4.2166,8.6739,-33.046,13.328,2
-1.9315,-11.362,11.776,-33.862,17.022,2
-2.0792,-16.668,21.246,-33.166,24.628,2
10.902,-18.748,21.664,-30.998,19.63,2
13.377,-11.223,15.801,-26.713,29.85,2
12.163,-1.6329,10.171,-34.853,19.834,2
-2.3075,-23.788,2.9725,-45.491,23.597,2
5.7779,-12.063,9.5662,-48.106,24.951,2
5.5479,-10.437,28.732,-36.758,32.296,2
4.6521,-13.701,13.481,-44.62,12.119,2
15.194,-7.2268,4.2384,-24.69,15.275,2
0.037909,-8.1202,20.192,-32.773,17.376,2
1.3283,-23.125,19.187,-34.809,13.682,2
4.0298,-21.256,13.426,-42.998,18.793,2
-3.8959,-16.326,19.004,-47.052,22.18,2
-3.0572,-25.2,8.2263,-43.347,11.771,2
4.4941,-9.0326,11.13,-31.435,16.929,2
0.4923,-23.133,9.4921,-41.761,21.005,2
-8.2076,-9.7278,20.079,-46.339,24.61,2
0.1667,2.5672,17.996,-26.283,21.201,2
15.743,-4.9106,15.647,-35.293,23.606,2
-5.764,-32.36,23.482,-43.877,24.334,2
4.9934,-17.042,9.9495,-44.302,25.394,2
3.385,-28.625,18.844,-45.898,19.031,2
16.26,-9.9157,6.7664,-30.443,13.808,2
-9.6154,-29.507,7.4557,-39.568,12.122,2
-5.3033,-5.1111,27.534,-33.121,20.467,2
8.0002,-23.164,10.942,-28.409,24.479,2
16.672,-6.3744,8.8167,-31.599,18.509,2
-11.499,-15.06,2.6391,-36.838,8.6449,2
-3.8906,-16.296,17.172,-30.366,17.543,2
2.7618,-9.9355,4.221,-39.298,29.53,2
-6.8219,-26.465,6.8473,-37.144,13.915,2
1.9321,-22.75,20.651,-34.136,19.761,2
-4.8744,-20.544,3.3546,-28.809,16.492,2
-7.1443,-19.221,18.196,-40.547,20.181,2
18.05,-10.506,28.42,-25.19,18.86,2
-0.79332,-23.166,14.564,-39.572,9.7933,2
12.291,-11.413,19.443,-43.072,10.089,2
-2.9918,-8.3634,13.415,-36.014,21.46,2
3.1253,-25.605,13.029,-45.172,24.141,2
10.175,-10.972,2.3127,-38.397,10.478,2
0.22579,-24.176,4.9221,-36.28,15.121,2
10.054,-19.833,8.6401,-30.955,24.865,2
1.138,-15.424,7.6821,-48.394,13.486,2
-3.1926,-20.101,5.0199,-38.904,20.389,2
16.021,-12.861,16.79,-31.722,27.174,2
-0.50236,-8.144,27.212,-25.869,14.366,2
6.1661,-18.631,16.746,-43.083,8.8926,2
5.3443,-6.4669,11.959,-36.184,27.565,2
1.427,0.32172,17.451,-28.772,22.627,2
9.2373,2.6912,8.3777,-32.084,15.56,2
4.3997,-26.094,8.7644,-30.265,20.995,2
9.0613,-17.291,7.2459,-42.69,17.637,2
-7.1656,-9.0681,27.985,-24.874,13.181,2
12.005,-14.249,18.608,-30.325,22.962,2
-9.2255,-12.812,5.5133,-33.6,16.309,2
8.1649,-5.0982,24.122,-30.778,18.3,2
8.0233,-13.091,16.348,-40.031,31.197,2
-0.73558,-19.295,12.594,-44.456,19.609,2
10.542,-3.3893,14.202,-32.185,30.433,2
7.0556,-24.869,21.948,-34.247,12.903,2
-1.5786,-19.797,8.8416,-40.602,13.509,2
1.6699,-21.447,21.268,-32.903,12.883,2
6.0571,-20.793,7.4291,-44.418,20.397,2
-3.923,-22.166,13.334,-25.32,17.775,2
7.9031,-23.78,4.9141,-32.38,20.965,2
13.923,-2.5146,26.559,-33.414,32.674,2
3.7582,-15.608,22.564,-24.884,31.286,2
14.994,-3.382,12.019,-36.166,19.245,2
3.6196,-17.043,10.797,-41.137,11.649,2
6.6862,-2.8092,11.04,-26.865,19.53,2
-7.4164,-24.074,5.205,-38.09,7.7382,2
14.392,-12.904,2.0234,-40.262,23.08,2
-5.8467,-13.456,7.2642,-29.167,13.118,2
10.64,-9.7493,10.364,-32.963,28.26,2
4.7993,-15.484,3.0217,-27.719,14.227,2
12.64,-13.149,11.084,-40.711,13.98,2
-14.961,-30.822,24.217,-42.448,16.517,2
8.6984,-4.2683,15.842,-29.01,12.089,2
0.70887,-18.589,17.532,-32.956,26.908,2
-2.998,-19.671,13.756,-35.963,23.833,2
3.4224,-12.497,15.278,-36.404,12.707,2
3.743,-22.712,5.7613,-47.201,17.904,2
-4.4947,-11.002,18.516,-44.387,18.919,2
-3.1302,-28.433,11.208,-41.609,9.6098,2
10.792,-2.2897,24.315,-20.964,13.048,2
14.411,-4.9802,24.157,-26.297,31.081,2
-1.0639,-17.386,29.021,-33.471,22.808,2
-12.514,-17.556,26.524,-32.243,28.419,2
1.5569,-6.2602,17.495,-24.135,30.124,2
1.57,-21.746,14.324,-27.772,12.517,2
-0.062591,-17.599,10.341,-28.84,22.834,2
6.0821,-17.009,23.451,-38.333,25.949,2
-3.7474,-13.028,19.105,-34.091,26.548,2
6.676,-14.068,20.786,-41.474,12.755,2
-4.2844,-23.144,0.05563,-47.387,17.062,2
0.94331,-23.861,20.725,-41.682,16.304,2
-1.1973,-0.54212,16.615,-39.112,30.531,2
2.9198,-14.437,14.827,-32.675,22.814,2
3.8245,-21.378,12.114,-37.042,29.549,2
4.2737,-9.4951,6.8963,-38.043,22.608,2
2.8949,-15.512,17.457,-40.397,20.67,2
2.4759,-21.486,6.6309,-44.756,23.016,2
-5.8581,-13.883,21.673,-35.907,26.489,2
-1.8035,-9.8255,14.769,-29.37,27.935,2
9.8112,-10.646,23.157,-37.157,12.955,2
-4.6138,-30.331,23.169,-46.121,22.367,2
-3.1497,-9.8548,24.033,-27.629,16.361,2
-2.1322,-25.509,9.6702,-43.882,23.365,2
3.5939,-14.609,24.877,-27.642,20.248,2
-0.10468,-3.9463,7.9001,-33.882,23.884,2
9.643,-6.8009,20.383,-26.846,13.147,2
-8.7824,-21.962,7.9061,-40.375,10.086,2
-7.2182,-13.576,13.447,-40.494,25.046,2
-6.8589,-15.539,18.025,-28.74,28.496,2
14.631,-6.2432,4.7747,-27.139,9.9443,2
10.674,-5.2051,4.674,-42.248,28.134,2
15.437,-6.38,17.661,-29.688,21.14,2
12.688,-12.198,19.61,-20.644,27.493,2
-6.0682,-6.9368,12.112,-37.968,16.461,2
11.32,-9.4434,12.453,-24.007,14.095,2
7.3655,-11.723,-23.405,52.803,-13.471,3
5.6771,-7.6728,-5.4241,40.874,-8.0246,3
-0.089447,-5.6318,-18.476,57.365,-14.814,3
4.1443,-5.7653,-17.944,59.197,-5.2853,3
15.158,0.29952,-12.383,38.464,-14.873,3
2.4757,-7.5326,-15.008,58.388,-8.6531,3
14.681,-2.9333,-2.8667,44.957,-8.8961,3
14.693,-2.1623,-12.647,47.535,-8.2077,3
3.9328,-1.4247,-6.7149,41.757,0.69342,3
-1.6175,10.111,-25.811,34.219,7.0978,3
18.405,-5.3413,-10.729,41.799,-9.3133,3
17.678,2.6886,-1.4658,43.902,-19.116,3
15.145,7.9153,-19.05,36.406,1.5266,3
-2.3859,1.8834,-8.2428,32.606,-9.0561,3
5.9875,8.105,-24.117,44.023,-0.63142,3
-5.2595,2.9604,-20.566,36.706,-3.498,3
2.0895,-7.7398,-23.493,44.668,-9.5059,3
1.4596,3.8762,-20.393,48.599,-12.253,3
-2.3461,-11.704,-9.162,55.405,-11.625,3
8.9456,-8.7299,-3.4962,48.902,-14.663,3
-2.852,-10.63,-15.666,40.305,-20.958,3
11.837,5.1458,-6.0039,41.154,-1.3188,3
4.5358,2.3052,-9.0599,40.163,-23.186,3
4.2761,-9.7958,-23.858,41.135,0.60109,3
6.8299,10.385,-15.547,43.579,16.199,3
3.0109,2.4692,-15.149,41.983,-15.642,3
3.9223,1.2143,-10.058,48.004,1.2106,3
-5.8148,-12.73,-18.742,44.556,-11.212,3
2.4214,-8.3907,-12.99,37.555,-14.165,3
2.2026,-0.4062,-25.378,33.056,13.875,3
3.2959,8.5603,-16.704,54.718,4.9588,3
7.732,-1.6835,-11.497,50.729,-16.908,3
10.594,3.6216,-14.262,35.813,-8.6871,3
4.9005,6.3457,-8.8206,52.827,-8.0438,3
1.7294,-10.473,-4.5938,49.801,-10.875,3
8.9064,-1.7195,-18.182,53.218,-13.432,3
11.354,6.601,-7.893,38.29,-15.059,3
5.564,-7.005,-10.535,52.598,1.5234,3
-3.3488,-0.19083,-20.649,43.454,1.9734,3
2.0891,6.6305,-5.3509,42.891,-11.081,3
9.4076,-0.85227,-15.56,54.991,-7.5556,3
3.5308,-11.303,-5.2152,56.199,-3.1986,3
-2.4989,1.5679,-9.0943,40.487,-8.6355,3
11.523,2.9308,-25.399,38.561,11.535,3
2.5571,-0.91114,-18.057,46.078,-1.2873,3
3.9887,2.9384,-4.2316,59.803,-19.459,3
11.222,-8.1713,-0.012748,47.91,-8.5165,3
2.3186,10.449,-23.471,33.724,-2.8034,3
-1.3689,-11.825,-25.202,38.701,-12.28,3
-4.7847,2.8175,-25.261,46.874,-16.069,3
18.626,-0.55865,-7.3774,37.216,0.78265,3
12.997,-9.5313,-4.7053,54.879,-14.221,3
-5.7402,-8.6269,-21.98,44.655,4.8105,3
-6.2946,-4.6066,-27.081,48.518,-12.14,3
4.352,5.0815,-14.257,38.659,3.5319,3
8.687,-2.0057,-23.133,44.177,-2.9817,3
1.2631,8.4995,-22.077,35.465,-7.8227,3
11.198,2.6969,-23.83,44.315,0.051814,3
4.9998,1.9736,-10.762,34.922,-1.17,3
11.161,-1.8784,-11.535,33.031,9.8244,3
11.762,-0.3018,-14.194,41.947,-21.305,3
15.868,-5.4351,-5.5842,43.961,-17.636,3
-0.57917,0.33049,-26.885,30.538,-9.699,3
-2.0243,-2.6871,-13.221,37.423,4.2171,3
-0.64753,-7.6951,-23.903,34.27,13.947,3
6.6466,-10.413,-8.2484,52.614,-13.271,3
12.762,-9.4191,-13.945,34.984,0.4016,3
5.8707,7.165,-7.3762,42.164,0.71609,3
3.3184,7.7915,-13.21,51.354,2.2967,3
-3.8029,-3.0519,-20.378,34.596,7.6066,3
8.9985,9.5987,-11.262,31.051,7.9732,3
5.4451,9.9042,-12.306,41.4,-9.1239,3
0.37045,8.7285,-20.792,44.789,8.6749,3
1.802,0.41484,-19.964,45.24,7.7017,3
6.3866,-1.3876,-15.374,42.689,-8.4766,3
0.46273,-3.1999,-4.0657,44.418,-9.4199,3
3.8634,-4.9169,-11.012,36.662,-3.9255,3
8.8068,-5.6245,-12.445,32.018,-3.8996,3
-5.8582,0.62063,-12.521,38.107,2.462,3
-0.60308,4.7142,-20.757,29.619,6.4129,3
-2.6584,1.2837,-21.348,32.77,-7.7209,3
14.813,2.4296,-15.756,40.221,-16.507,3
3.251,-3.1311,-20.404,46.617,-16.375,3
14.577,6.0566,-20.215,44.364,-19.702,3
-2.3931,7.5203,-11.682,44.497,-17.191,3
17.597,-1.8781,-18.358,34.85,6.6463,3
2.8383,8.9255,-22.479,33.704,2.6068,3
2.8712,-3.1177,-9.3784,33.057,-2.432,3
-3.897,8.353,-8.9779,43.764,-8.5471,3
8.6162,4.1373,-7.28,56.461,-24.921,3
-0.51248,-4.1057,-5.5201,48.678,-15.037,3
-3.2917,-9.8858,-8.9929,46.138,-4.204,3
3.1799,8.9085,-23.535,40.481,-0.80918,3
7.2387,8.636,-23.292,48.863,-4.822,3
-5.9315,-0.14567,-27.323,35.406,-4.1685,3
7.6176,-1.2234,-21.08,32.615,-1.309,3
14.445,5.4846,-21.711,44.631,5.38,3
0.25619,-6.5967,-18.522,46.273,-2.7992,3
9.7626,7.9541,-14.02,42.818,-11.763,3
-1.5776,-6.6502,-27.377,31.785,-4.9219,3
7.8926,-5.8924,-18.372,41.976,-6.5301,3
18.203,-4.0891,-1.1503,58.266,-11.269,3
4.5182,-5.6394,-7.166,45.952,-19.789,3
-5.6984,3.1673,-8.7881,51.922,-9.3781,3
-1.3896,-1.8375,-22.569,40.799,-7.8002,3
1.4651,-5.7156,-6.7273,44.691,-9.0123,3
5.2588,7.6647,-13.063,44.719,-0.48878,3
10.032,-1.2376,-17.561,43.695,-4.8554,3
10.229,-0.56876,-7.7218,59.996,-22.358,3
-3.8734,-9.7649,-18.098,36.428,-5.6952,3
-6.1529,-2.5954,-24.385,36.908,-15.727,3
14.622,2.5899,-17.475,58.622,-13.458,3
-0.1247,8.8126,-16.992,47.881,0.26568,3
3.6921,2.6314,-20.098,48.443,-16.496,3
2.636,4.3195,-9.1648,40.242,-10.58,3
4.4889,-8.6017,-21.549,34.479,-6.4338,3
-0.82957,-8.8462,-27.344,41.415,-1.7979,3
4.9195,6.2212,-10.054,57.79,-18.007,3
8.9274,1.0474,-11.017,38.241,3.5497,3
2.6179,8.3654,-13.975,35.656,1.1088,3
13.626,-2.7051,-3.4058,42.824,-20.988,3
-1.3138,-5.6569,-19.03,46.727,-16.527,3
3.5947,2.7878,-23.88,40.682,-19.415,3
-2.0625,7.5013,-10.656,39.009,-2.9439,3
8.1194,-8.5894,-10.247,48.474,8.9893,3
10.291,5.792,-8.4727,42.374,-9.6808,3
-5.3337,6.1001,-14.508,52.377,-1.9159,3
6.7129,-11.076,-17.784,49.605,-3.965,3
3.4546,-2.3245,-5.6029,39.621,-14.198,3
-6.6019,-1.4448,-19.77,33.372,-4.3848,3
-11.592,8.0205,-27.263,29.861,4.1098,3
14.822,11.707,-26.453,44.473,12.547,3
4.6301,5.2466,-14.445,56.653,-4.3785,3
-0.19239,2.6655,-13.309,31.84,5.5712,3
-1.1808,-5.496,-12.408,43.252,-8.4296,3
-2.6959,4.799,-19.508,45.915,16.352,3
14.946,-2.7923,-17.797,43.523,-18.197,3
-0.82535,-9.4056,-13.457,40.315,-4.4519,3
14.289,-3.4868,-14.055,44.16,-1.7556,3
15.42,-2.9053,-10.98,45.539,-26.148,3
-3.9176,2.224,-12.682,37.77,-14.07,3
15.741,2.3787,-12.117,51.555,-10.707,3
8.4812,-8.3201,-16.28,55.82,-4.0668,3
10.865,-3.6972,-10.543,47.183,13.989,3
6.9483,0.62803,-14.344,51.28,-0.026827,3
4.3278,-9.9003,-12.219,36.577,-12.322,3
13.251,-6.9851,-20.576,55.486,-14.783,3
-6.0357,5.8377,-17.906,28.197,6.4574,3
2.2988,-4.1296,-5.62,48.937,-9.1616,3
14.563,-9.5249,-18.245,43.531,-16.474,3
2.2569,-8.6094,-8.3472,38.196,-4.2514,3
15.45,7.656,-5.1962,44.267,-2.1099,3
5.7942,8.6245,-14.737,37.34,-6.0505,3
-5.9254,7.8475,-8.9288,33.742,2.2978,3
-8.0269,-2.681,-26.462,49.293,3.6796,3
-2.5114,2.9914,-15.821,42.209,0.084594,3
9.7777,7.4412,-6.4705,48.951,-21.149,3
5.0107,8.0411,-21.467,41.243,6.4554,3
-6.9269,-5.3443,-22.764,30.961,5.8556,3
4.0141,-3.7566,-5.0844,44.93,-18.921,3
3.7894,-3.3169,-12.817,57.061,-28.286,3
10.492,-0.38152,-22.305,41.59,-16.791,3
-5.3039,-10.687,-20.807,48.388,-4.3844,3
12.884,5.5455,-17.443,41.019,-3.877,3
9.865,-1.3062,-15.255,47.935,-1.325,3
-2.3848,-1.8022,-22.073,31.268,9.2016,3
0.91459,3.9696,-6.2151,49.137,-2.8375,3
10.29,-5.5215,-13.639,35.799,-3.077,3
14.833,-10.258,-16.655,48.022,-8.3663,3
-9.7079,8.9948,-15.163,32.602,6.672,3
14.532,2.6072,-3.8751,56.281,-2.2286,3
0.27327,4.711,-8.3433,44.345,2.771,3
6.859,3.0189,-14.472,49.375,-22.104,3
9.1629,3.411,-26.836,38.623,4.133,3
-0.49778,5.9967,-9.9233,37.855,7.7412,3
7.2815,-1.8885,-3.8525,58.247,-27.658,3
4.5693,-2.6653,-16.445,34.012,-6.6418,3
2.0658,-8.1837,-8.6432,37.253,-14.055,3
1.3024,-1.0848,-18.902,30.795,13.376,3
7.1015,-3.0693,-5.865,42.063,-24.426,3
8.6356,0.6327,-21.273,40.956,4.8404,3
-0.23136,-8.2103,-26.166,32.221,3.3931,3
-3.8577,5.7848,-18.746,26.088,0.97226,3
7.1503,-1.351,-7.2976,34.965,-2.0761,3
8.5767,-1.5689,-3.6294,38.605,-1.3118,3
-0.028824,1.486,-13.301,46.931,-13.383,3
-1.3798,3.8406,-27.875,41.405,-1.9048,3
9.1062,6.4086,-9.2874,56.098,-5.8452,3
-6.2814,-9.5096,-15.631,44.844,-11.654,3
3.5391,-0.42049,-9.1337,44.627,-21.932,3
19.259,0.81359,-3.5529,47.225,-16.829,3
4.8777,2.8113,-9.0941,46.009,-5.6585,3
-1.4079,-7.444,-26.326,29.632,1.9269,3
13.647,-10.109,-10.588,51.216,-12.519,3
14.092,6.0011,-16.538,55.581,-10.569,3
9.783,-0.44525,-14.272,32.61,-3.6367,3
-2.6102,1.2475,-20.678,41.549,-1.0913,3
-3.5405,-5.9416,-13.551,50.54,-2.3882,3
11.253,-6.7043,-13.654,54.9,-6.1707,3
-9.8483,-2.7776,-20.139,28.769,9.8039,3
-4.6369,-10.089,-20.865,33.88,-12.231,3
8.0005,5.5373,-23.845,42.157,-9.2758,3
2.9656,3.049,-18.766,51.174,-6.6994,3
10.889,-9.8799,-17.483,43.055,-0.86907,3
-0.3818,-9.4114,-4.4635,38.85,1.2945,3
9.6272,-4.0831,-23.573,35.125,0.3625,3
4.419,8.0274,-13.086,45.158,-2.9228,3
-8.1779,5.4417,-26.063,38.273,-14.86,3
-5.2194,7.2059,-18.616,46.817,-8.7083,3
8.0433,-6.8603,-9.5843,38.872,6.0602,3
13.437,1.1317,-10.692,39.522,-18.74,3
0.48279,4.6652,-19.864,50.02,-9.4812,3
4.0299,7.6219,-19.852,36.274,-4.4683,3
-8.4786,-7.837,-12.984,35.762,7.1052,3
3.3987,3.9541,-21.272,48.616,-3.8855,3
2.8637,-7.4397,-20.206,51.254,-12.397,3
8.3621,-1.1938,-10.973,44.945,3.2053,3
13.004,-4.6204,-11.25,51.356,-14.177,3
1.3503,9.976,-15.532,42.676,-10.95,3
4.5328,7.1351,-10.314,39.028,4.4729,3
-4.2197,8.7951,-15.458,33.576,-7.3764,3
14.123,-7.5613,-12.754,52.851,-17.09,3
1.3101,-12.419,-20.053,51.175,-24.104,3
15.951,-7.1521,-17.546,57.772,-13.668,3
11.666,-6.1353,-2.9332,49.783,-13.123,3
-6.5573,-5.1121,-9.0843,34.639,-8.9134,3
11.402,5.8444,-9.3263,40.302,6.998,3
4.6768,6.9043,-8.3475,58.258,-12.812,3
13.859,4.2445,-7.0968,54.394,-9.7019,3
10.366,-5.5738,-9.9327,44.132,12.154,3
16.735,-1.267,-4.5869,55.113,1.6014,3
3.6197,-4.4377,-14.174,37.305,11.952,3
5.7841,-1.5374,-10.443,56.148,-19.707,3
12.861,-2.1713,-24.567,35.24,3.02,3
-3.5825,0.066317,-18.54,32.327,-4.9877,3
11.796,-8.8558,-15.813,39.331,-17.243,3
1.1076,7.8262,-5.9127,38.613,-1.0373,3
-9.5714,-6.718,-12.3,47.21,-6.187,3
-6.6583,-2.4194,-23.697,41.021,-4.7436,3
-0.65923,10.641,-24.499,42.453,-6.5156,3
5.5881,0.37208,-20.254,47.337,-2.3462,3
-2.6575,1.5243,-19.086,34.953,-6.0097,3
0.72855,-5.4022,-22.873,50.708,0.0011876,3
-5.82,5.7119,-15.127,36.399,2.1212,3
-6.2535,-4.0983,-14.864,28.705,8.9018,3
-0.76874,-5.1397,-23.478,42.777,-4.0244,3
10.694,8.5795,-13.909,53.592,-14.857,3
2.3949,-4.6763,-23.338,36.676,-0.29499,3
13.604,7.5858,-21.09,27.773,10.287,3
14.059,7.6548,-16.763,45.401,-12.204,3
0.51723,-9.212,-8.7848,49.22,-19.039,3
7.8868,-7.4797,-2.8896,46.784,-13.156,3
7.1595,7.1351,-25.429,43.593,11.343,3
0.44858,-0.31827,-15.62,43.691,0.6708,3
0.60694,1.605,-12.046,36.236,5.5404,3
5.1314,-4.3181,-19.242,45.222,4.1101,3
22.306,-10.813,-7.7236,50.531,-8.0587,3
-6.2953,-9.8241,-8.144,43.095,-4.8292,3
11.589,8.6872,-16.505,47.43,-17.002,3
4.9357,-7.3045,-10.63,45.705,-18.739,3
5.882,-6.8621,-3.8732,43.441,-19.159,3
-1.5619,3.996,-17.197,33.531,-11.291,3
11.59,11.652,-11.976,29.332,13.967,3
-4.1077,4.0271,-5.4885,40.906,-4.008,3
-4.0206,-0.82693,-5.3893,49.847,-7.648,3
3.1673,-7.5991,-9.939,34.34,-7.2661,3
11.204,-5.4803,-2.1216,45.151,-14.313,3
7.0927,5.6289,-2.0678,47.062,-13.581,3
4.0198,-5.1593,-11.531,55.683,-17.589,3
4.2225,8.683,-8.0174,37.042,9.334,3
0.57322,-2.0146,-20.89,49.679,-4.3934,3
13.122,-11.648,-17.314,58.597,-17.748,3
10.954,-2.3851,-20.143,37.161,-10.7,3
3.6412,-9.9409,-20.204,47.92,5.8097,3
-1.9699,5.669,-7.6403,40.148,-5.4117,3
10.814,2.4805,-26.973,45.55,5.1821,3
-4.4038,1.12,-6.9148,52.172,-7.7022,3
0.038348,-4.3851,-19.148,57.246,-17.53,3
-5.7038,4.8431,-8.5726,37.254,-10.719,3
7.2047,9.2902,-11.77,40.355,7.2701,3
13.95,3.3959,-23.022,55.411,-11.064,3
3.6261,-5.1196,-17.606,37.722,1.3325,3
0.88244,-0.19211,-4.7478,55.853,-5.8733,3
-4.0953,-4.4524,-27.196,31.618,8.1458,3
1.8848,-6.9332,-14.301,45.863,4.6494,3
8.857,1.8428,-24.253,45.398,0.93547,3
15.692,-3.8728,-9.7748,48.96,-11.784,3
6.7522,6.234,-3.9797,59.459,-12.289,3
9.6816,-8.2429,-19.183,36.248,-2.6339,3
6.4173,1.8135,-11.833,43.003,-4.1459,3
6.549,-11.142,0.33852,43.502,-6.0794,3
5.8182,4.1147,-8.0491,43.072,-5.7049,3
15.316,8.4479,-23.031,41.073,-5.2815,3
2.483,-5.0917,-21.863,44.86,10.009,3
9.0083,3.9729,-8.7298,49.523,-17.623,3
-4.3198,-9.3107,-20.027,34.806,-5.6938,3
10.172,-0.30005,-11.723,45.668,8.0404,3
-3.2203,-8.6949,-13.667,51.871,-26.525,3
6.4727,8.137,-14.483,35.134,4.1686,3
-4.1077,-9.1956,-25.693,35.38,-2.215,3
10.398,6.4373,-25.321,44.889,9.2474,3
3.039,-10.113,-10.588,46.439,-8.323,3
7.2315,-5.5972,-22.617,53.023,-0.89465,3
-1.7435,-9.449,-21.695,54.481,-15.1,3
7.1145,-7.8317,-18.086,33.686,-13.311,3
7.534,-6.4802,-2.4175,46.428,-14.195,3
-7.1297,-1.8304,-15.266,43.017,-2.7986,3
-11.341,-6.9713,-28.462,36.358,7.5681,3
3.685,3.0987,-16.315,48.597,2.0642,3
-8.8406,-9.1952,-19.891,32.927,5.4953,3
17.887,-5.4246,-13.576,53.192,-4.6898,3
17.653,-0.41772,-16.546,56.656,-11.964,3
1.0822,-3.3076,-15.126,40.985,-14.923,3
4.2282,-1.8259,-14.028,52.012,-1.2776,3
-3.2827,-0.16266,-21.905,39.183,-5.4366,3
-5.89,4.8243,-17.424,34.708,-3.006,3
-3.364,-9.855,-12.546,49.564,-12.285,3
3.4455,-5.8468,-16.837,47.345,2.367,3
5.6352,-2.2155,-15.677,46.601,-14.443,3
2.1071,-2.4264,-18.518,43.875,-22.648,3
2.5128,-2.1327,-5.5736,44.32,-17.324,3
-9.1309,7.6659,-15.122,37.21,-6.4327,3
2.9794,-3.2967,-23.635,36.181,-11.42,3
14.753,5.2636,-3.8373,59.991,-8.1444,3
5.32,-4.1118,-13.72,37.301,-11.919,3
-1.2546,2.1203,-21.989,44.687,2.784,3
1.7878,3.3351,-15.055,40.787,-17.775,3
4.6141,-9.694,-4.7266,48.172,-0.097348,3
-2.8963,11.591,-8.8249,38.234,16.284,3
-3.468,-12.011,-15.765,48.504,-4.9695,3
8.9728,-12.878,-10.539,50.303,-23.032,3
7.0619,-3.535,-23.276,38.287,-10.789,3
11.335,2.0212,-5.5707,40.678,-21.314,3
10.695,1.6772,-22.874,46.422,0.77875,3
3.6664,-1.373,-8.7038,41.715,-17.058,3
3.9811,0.11797,-19.626,54.834,-4.3888,3
16.697,-4.6219,-14.643,55.41,-14.046,3
-3.7083,-0.34678,-19.638,43.96,-1.7242,3
4.9973,-10.075,-14.868,51.72,-17.979,3
3.2019,-0.41243,-18.848,33.509,7.3763,3
-8.7012,-2.3874,-12,40.124,-3.8421,3
-7.5733,-8.1897,-16.619,41.153,1.7495,3
-0.81696,-10.759,-13.742,48.673,-21.765,3
2.5616,10.605,-15.876,49.678,-5.4832,3
-2.6145,2.7902,-7.5561,51.557,-17.314,3
11.422,4.0491,-5.974,62.347,-20.839,3
-0.0019825,-5.8835,-21.026,43.941,5.2014,3
-1.7684,-1.9167,-14.078,54.718,-13.801,3
8.1191,-2.7151,-12.596,47.897,-21.843,3
4.1888,-10.522,-21.802,45.369,-18.516,3
2.0261,0.23741,-18.679,54.01,-6.5763,3
19.603,0.015898,-3.7009,57.7,-11.892,3
-4.6994,-9.5222,-29.036,40.636,2.6846,3
-2.2037,-4.4327,-23.173,30.328,5.0964,3
9.1278,-5.2812,-18.392,40.254,5.2029,3
1.5031,0.26042,-12.765,38.197,6.4997,3
6.094,3.7768,-17.817,48.445,-23.818,3
-9.3875,0.98427,-28.246,26.616,1.1223,3
3.6077,-2.9468,-13.343,47.191,-16.355,3
2.8761,5.9275,-16.636,33.1,4.6968,3
8.2975,6.2797,-27.174,41.017,-3.1507,3
5.9211,-3.6892,-8.857,43.492,-20.985,3
12.445,10.34,-9.6102,34.738,2.66,3
15.799,14.291,40.754,2.2753,-11.428,4
4.2999,13.764,52.95,-9.0619,-14.507,4
14.684,8.5185,47.986,4.8842,-6.5786,4
23.227,2.9598,52.608,6.6194,-7.1768,4
34.273,4.495,25.237,11.888,-12.762,4
11.909,21.407,42.239,-3.0594,-11.68,4
20.289,9.6102,38.729,24.264,-13.427,4
14.112,14.333,36.595,1.644,-10.923,4
28.539,12.501,43.029,23.976,-15.871,4
26.755,14.208,33.373,5.7175,-6.6776,4
18.147,1.1202,33.519,10.879,-3.2425,4
17.566,10.864,34.989,16.676,-5.9534,4
36.241,4.4132,33.826,18.182,-3.8151,4
17.107,9.7515,53.233,7.19,-8.2042,4
18.073,6.885,38.914,4.6838,-21.814,4
27.52,23.722,38.025,3.1194,-11.862,4
32.059,7.8669,43.083,16.246,-15.343,4
15.24,10.208,33.505,2.743,-15.104,4
15.323,10.765,32.615,16.866,-4.2476,4
21.185,2.6381,40.746,4.4011,-6.08,4
17.078,13.795,49.926,9.697,-15.188,4
9.3326,24.658,32.851,12.657,-22.363,4
12.14,22.135,44.173,3.4817,-23.215,4
26.667,17.636,49.91,9.6705,-21.109,4
6.4556,22.703,52.081,4.6809,-20.707,4
34.594,-0.56353,33.3,18.552,-7.7314,4
22.214,20.462,39.918,2.6083,-5.4412,4
12.657,21.2,37.785,1.8566,-18.891,4
19.724,23.158,45.801,10.181,-18.064,4
23.153,18.025,42.401,-0.67344,-16.784,4
13.535,7.8289,53.17,3.7399,-11.744,4
19.527,18.321,37.198,1.8214,-10.968,4
5.4616,21.798,41.234,9.7753,-9.3993,4
29.678,13.265,33.213,13.389,1.2565,4
24.242,16.086,30.965,12.372,-3.1444,4
40.546,11.038,37.361,26.197,-15.164,4
28.621,15.828,47.715,18.556,-10.545,4
14.644,6.1434,35.76,4.8466,-17.118,4
37.349,8.6649,37.784,14.849,-12.662,4
23.558,9.7559,40.777,7.6894,-16.652,4
30.272,10.546,48.092,22.484,-2.0304,4
23.261,12.925,45.896,6.1151,-6.7774,4
22.458,18.119,33.387,6.6221,-11.311,4
13.952,10.279,58.869,-2.7962,-10.921,4
19.236,18.252,33.041,13.699,-5.0192,4
9.6816,20.817,46.96,2.9683,-6.9661,4
21.077,14.97,48.677,1.1659,-7.3136,4
14.218,8.2394,40.446,-10.683,-15.198,4
16.065,8.8929,35.805,-0.73405,-9.8052,4
23.028,9.514,41.671,19.394,1.9646,4
22.842,17.459,35.342,17.704,-14.972,4
34.182,10.108,29.246,22.067,-16.341,4
18.796,2.1052,43.906,21.441,-3.8086,4
5.6968,9.7118,52.381,-4.5041,-13.021,4
21.241,22.251,31.641,-0.68058,-17.246,4
26.358,15.296,43.405,14.619,-7.5731,4
10.607,16.491,57.714,-2.7058,-17.968,4
20.412,19.711,39.773,16.393,-4.6188,4
22.964,14.559,40.129,24.949,-8.4933,4
19.413,18.99,48.851,6.0116,-10.959,4
22.352,8.7321,45.951,9.8671,-14.793,4
7.1023,14.953,41.236,-1.2047,-16.276,4
30.512,3.3683,50.312,6.2045,-21.599,4
25.763,-0.96768,41.982,19.306,-9.0629,4
6.8099,9.4661,43.502,10.111,-22.561,4
16.062,24.186,48.312,16.443,-21.469,4
5.1181,15.689,40.622,5.7818,-13.809,4
29.733,1.3702,45.064,27.611,-7.4839,4
19.846,14.024,30.924,22.091,-1.5526,4
26.982,20.037,34.625,17.362,-2.5854,4
25.483,14.239,50.607,1.4528,-12.685,4
23.981,16.956,36.893,16.888,-12.262,4
22.081,6.8714,28.772,6.6874,-16.587,4
15.773,4.1756,48.457,12.579,-3.8722,4
10.54,6.4003,48.144,10.466,-9.3388,4
24.405,7.5824,36.607,5.7206,-15.781,4
12.926,23.541,47.26,2.0789,-21.252,4
37.249,3.9678,24.919,14.799,-1.6536,4
23.292,4.2211,52.071,1.6786,-5.3415,4
22.002,5.1095,47.693,4.0013,-10.681,4
21.122,11.146,46.079,0.83562,-18.468,4
24.227,8.2533,29.058,18.679,-4.2534,4
16.493,14.116,48.357,2.2243,-14.511,4
28.621,20.261,31.807,20.145,-19.831,4
18.736,14.18,52.517,1.8727,-9.7404,4
20.905,16.189,35.799,0.44864,-12.452,4
13.127,17.706,51.987,2.9795,-10.396,4
26.549,0.88612,37.94,13.196,-6.8347,4
25.858,19.226,37.041,20.344,-2.6785,4
25.232,18.117,44.91,-2.9121,-13.93,4
7.4619,9.1033,33.275,6.9618,-10.805,4
15.328,5.0031,31.805,26.758,-13.819,4
9.7366,10.525,27.728,8.3359,-17.196,4
29.314,18.301,50.127,14.169,-6.984,4
22.471,18.24,23.835,24.682,-5.3391,4
32.402,3.0141,26.746,12.642,-14.678,4
11.087,4.7734,35.322,20.11,-11.927,4
21.917,8.573,41.56,19.276,-0.52426,4
5.1468,21.573,35.717,-3.8847,-24.419,4
10.912,19.689,33.78,10.249,-17.364,4
14.097,10.717,41.575,11.392,-12.501,4
18.328,19.201,53.008,6.3442,-26.346,4
26.305,13.656,35.888,23.616,-9.5051,4
30.635,-0.88976,26.214,23.052,2.9732,4
19.555,14.425,42.974,11.751,-7.4873,4
11.521,18.858,53.286,1.1107,-14.072,4
30.577,11.771,33.165,16.653,-14.893,4
25.672,14.16,36.95,3.9531,-19.283,4
24.639,1.7901,44.09,14.377,-19.365,4
30.53,-4.1803,43.597,16.54,-2.0653,4
26.097,0.52372,23.398,22.541,-11.652,4
13.364,8.114,35.238,11.286,-6.4258,4
27.235,16.712,47.82,5.0789,-5.9645,4
8.9036,10.831,48.002,5.1014,-28.135,4
11.072,11.817,41.247,10.092,-15.044,4
10.373,11.623,44.978,0.17771,-7.3218,4
27.056,12.143,52.63,-3.7477,-23.801,4
35.571,7.3211,51.804,10.753,-11.6,4
28.548,17.034,40.928,12.069,-8.7633,4
26.691,13.432,42.67,18.277,-5.0413,4
23.296,21.102,55.08,-5.6889,-12.635,4
21.215,11.446,48.762,9.1311,-2.4634,4
11.574,14.925,54.273,1.9866,-10.395,4
32.803,4.6104,30.672,24.926,-13.376,4
12.139,27.052,47.745,10.686,-16.649,4
35.193,-0.78473,41.965,18.089,-10.425,4
20.338,15.684,44.509,22.024,-8.1549,4
29.052,12.112,34.79,7.6601,-11.07,4
8.0851,14.615,34.673,7.9058,-22.245,4
27.554,17.548,26.415,25.422,-18.627,4
9.6976,14.92,34.379,1.4729,-18.428,4
24.552,5.7072,33.363,8.5939,-12.368,4
36.401,4.0421,41.607,11.847,0.49596,4
10.213,21.469,39.983,3.8789,-21.543,4
17.826,8.8109,51.163,3.4337,-21.288,4
13.185,21.018,43.838,9.0491,-10.497,4
5.2829,26.013,34.137,9.9473,-21.524,4
27.46,21.253,30.545,2.0711,-11.585,4
10.212,7.9197,43.451,8.377,-13.042,4
18.447,7.6819,46.216,15.352,-9.1473,4
14.641,22.688,32.98,4.7938,-15.563,4
24.93,10.265,41.547,13.725,-9.7893,4
10.429,19.942,43.815,2.2762,-22.573,4
32.041,5.8913,31.045,11.36,-2.3106,4
32.537,-0.16592,35.028,6.9712,-18.16,4
17.424,8.6394,48.403,22.677,-5.3071,4
28.454,15.368,43.408,15.872,-2.7417,4
25.859,-1.9121,37.039,16.689,-14.84,4
35.4,4.1477,27.131,20.66,-5.0002,4
38.601,13.399,47.315,5.8957,2.656,4
28.554,6.2302,47.472,15.629,-9.9106,4
35.723,0.23533,29.562,16.344,-10.771,4
25.6,4.3709,33.047,6.1955,-20.341,4
30.082,14.778,29.989,23.7,-10.908,4
25.649,6.0148,29.484,10.287,-5.6748,4
35.701,2.3883,39.216,27.658,0.16329,4
23.91,4.7197,45.199,19.264,-6.4191,4
27.23,16.193,45.438,-0.63269,-18.181,4
27.038,8.4251,33.998,8.8996,-1.5367,4
22.587,12.784,37.633,24.655,-1.6853,4
28.969,-0.024573,30.266,28.837,0.9969,4
36.508,16.5,51.043,10.661,-11.729,4
31.744,1.3132,46.427,13.383,-19.34,4
8.5751,16.881,50.768,5.9159,-10.74,4
14.087,3.3551,42.606,11,-14.152,4
12.911,5.8889,52.881,-3.9997,-14.939,4
23.622,0.42694,40.378,13.939,-7.9947,4
38.011,7.6887,45.28,26.279,3.7482,4
4.2311,8.2546,48.784,-7.2053,-23.62,4
32.288,15.399,46.916,16.002,-14.519,4
13.775,10.144,37.7,-9.188,-24.276,4
17.826,14.022,46.947,3.8027,-5.2123,4
37.53,17.745,28.336,21.369,-6.0087,4
17.066,18.335,44.072,4.1337,-23.789,4
6.3497,20.788,38.26,-4.1399,-19.668,4
21.313,8.1793,45.84,0.33154,-11.8,4
21.837,10.291,49.307,1.776,-19.266,4
19.723,6.4892,38.323,16.727,-3.9157,4
11.468,17.722,50.83,8.7005,-10.316,4
18.311,18.579,46.757,0.75117,-14.418,4
15.853,16.081,31.632,18.777,-16.411,4
5.7162,7.6959,37.237,0.70754,-21.603,4
12.175,8.8399,48.329,-9.6012,-13.812,4
20.939,4.9565,33.054,14.803,-12.874,4
21.565,5.0027,40.611,14.413,-19.241,4
14.502,11.109,26.383,14.543,1.4003,4
31.525,10.387,39.149,14.932,0.002734,4
8.5374,17.551,44.459,19.869,-9.5414,4
18.811,0.0074957,46.926,20.919,-5.0053,4
14.411,13.474,33.896,18.201,-1.7764,4
25.848,6.1225,30.107,22.076,-17.898,4
30.547,14.36,28.675,20.602,-15.785,4
19.475,10.685,44.595,17.133,-9.7303,4
10.517,12.621,38.231,-5.1129,-8.1684,4
35.112,6.2917,27.824,23.576,-8.3475,4
30.072,15.633,50.881,17.468,-6.7392,4
13.84,9.8994,48.581,14.974,-11.092,4
17.023,10.988,34.419,5.8842,-5.0072,4
24.579,16.094,35.388,20.064,-3.3544,4
19.4,12.699,53.817,11.435,-17.929,4
6.1232,17.047,37.19,14.175,-19.066,4
24.288,0.49958,48.092,16.034,-7.818,4
22.204,14.903,43.136,10.69,-7.6437,4
7.161,15.52,45.62,8.8681,-7.261,4
16.344,11.441,33.952,22.418,-2.834,4
23.35,18.555,45.776,19.784,-5.2515,4
26.191,13.728,36.631,6.5762,-2.8675,4
38.62,0.13575,36.281,14.258,-5.1855,4
21.707,-0.3569,35.546,14.931,-11.278,4
15.017,18.083,41.798,16.531,-3.0102,4
33.131,2.7319,32.662,9.2396,-13.213,4
21.441,19.481,27.417,7.9471,-3.7496,4
26.32,6.7864,34.892,10.629,-13.281,4
21.882,1.3139,44.887,10.675,-12.66,4
35.217,12.82,48.351,21.938,-15.036,4
13.71,19.747,42.797,10.971,-7.5871,4
33.164,12.535,38.605,4.2921,-1.8807,4
15.025,6.4221,33.748,15.047,-8.0778,4
21.386,7.1898,51.133,6.9157,-13.274,4
25.178,4.1454,50.192,0.16271,-19.998,4
18.397,18.734,52.781,-5.7697,-18.015,4
26.897,14.173,44.041,2.0227,-22.175,4
19.075,17.696,47.427,2.9794,-21.087,4
15.305,17.726,29.909,5.3848,-7.3934,4
27.346,15.061,25.529,28.776,-15.845,4
31.166,1.7439,47.918,10.77,-8.2147,4
16.366,15.708,35.043,6.5269,-16.006,4
33.964,16.801,45.401,28.069,-8.2521,4
26.263,1.778,34.397,19.521,-13.663,4
34.381,13.992,32.212,25.842,-1.7592,4
8.5458,22.055,46.648,0.95969,-6.9365,4
10.065,7.3795,27.857,12.371,-14.56,4
17.058,15.338,33.213,11.372,-5.0746,4
16.791,16.024,50.577,10.286,-20.894,4
18.608,-0.75136,40.581,20.374,0.59533,4
19.49,20.729,50.97,12.613,-7.0295,4
20.303,5.1217,30.308,24.912,-7.8215,4
1.3088,24.159,32.673,-2.3539,-13.472,4
8.2932,23.306,53.614,0.34906,-16.297,4
17.365,0.31433,50.535,13.171,-11.751,4
8.6366,20.874,40.637,-0.97747,-16.967,4
21.295,12.346,40.714,13.418,-19.043,4
17.012,27.431,53.213,3.267,-13.815,4
3.1493,16.97,34.615,7.4436,-15.966,4
14.987,3.9862,50.227,-0.62919,-17.053,4
20.735,3.5979,42.788,26.136,0.14257,4
10.86,9.873,36.06,-5.5355,-19.019,4
10.643,21.793,45.99,9.8642,-18.496,4
26.313,20.835,32.213,15.067,-6.2728,4
17.409,2.3647,42.417,2.828,-10.884,4
11.542,23.571,50.321,0.29461,-21.548,4
22.775,8.5321,38.084,14.399,-6.5027,4
38.906,1.4759,30.634,12.267,-0.82008,4
5.8286,8.2426,36.625,8.7878,-18.313,4
11.382,16.501,49.545,4.4244,-11.62,4
13.45,15.465,48.74,-10.177,-27.358,4
25.987,16.157,27.947,16.311,-14.03,4
12.952,23.616,40.228,-0.48178,-9.1996,4
26.662,21.375,34.233,20.632,-20.843,4
27.695,8.4887,30.232,6.8698,-16.162,4
26.346,12.823,45.174,3.0665,-9.0704,4
11.369,7.3609,45.329,3.8031,-25.007,4
29.612,5.2041,44.508,21.058,-4.14,4
31.203,9.5011,31.244,14.373,-7.3717,4
24.118,0.52104,49.318,15.474,-15.135,4
29.388,9.548,45.005,18.495,-14.169,4
21.937,23.766,33.372,17.192,-20.67,4
7.4099,26.79,40.288,3.2272,-17.55,4
34.819,3.8408,48.762,5.9552,-19.879,4
22.049,6.3744,36.026,-1.3835,-15.917,4
33.383,13.015,29.386,13.155,-13.86,4
15.208,17.086,49.708,9.0035,-7.6617,4
16.625,21.782,46.208,-2.0694,-24.45,4
17.495,7.6716,41.826,18.712,-14.762,4
28.883,12.265,37.075,13.103,-0.29207,4
12.201,8.7512,37.205,5.6885,-10.487,4
21.996,11.089,44.009,9.2366,-7.4896,4
14.206,23.17,42.383,7.0776,-21.179,4
2.0861,17.944,46.424,5.2951,-15.81,4
20.852,15.15,51.267,13.547,-16.566,4
17.903,17.938,39.967,0.10917,-7.7768,4
24.595,22.667,44.721,-2.7521,-23.219,4
28.638,6.5341,34.182,16.367,-14.056,4
15.098,5.5445,31.576,17.544,-3.3287,4
12.901,9.2461,39.817,10.236,-8.978,4
4.9198,18.29,46.119,2.9568,-15.722,4
13.657,14.981,39.818,14.787,-5.9692,4
4.6794,17.441,39.35,-0.62005,-8.9706,4
25.928,8.6308,29.01,10.842,-1.4725,4
17.642,24.917,41.127,8.1124,-20.824,4
10.144,12.425,49.251,-6.8456,-10.964,4
12.756,24.665,33.648,11.071,-18.206,4
17.576,0.42489,33.024,19.035,-2.7387,4
31.309,6.38,47.315,12.148,-13.229,4
24.634,8.5522,31.155,12.982,-7.3359,4
27.785,12.714,39.173,8.7344,-16.074,4
28.889,2.0242,37.692,0.45964,-7.3844,4
14.67,25.402,34.43,-4.8797,-19.809,4
24.301,21.642,36.762,-0.9479,-9.5911,4
20.209,18.073,26.21,10.253,-0.84439,4
27.711,8.8336,34.712,19.785,-3.1476,4
21.769,11.142,52.857,12.314,-5.6754,4
19.56,13.754,38.928,26.158,-7.0378,4
13.528,18.413,42.674,20.584,-15.531,4
17.981,28.103,45.55,6.7136,-23.756,4
20.311,20.584,40.127,6.5852,-8.969,4
10.546,17.425,48.906,6.9961,-19.806,4
9.465,7.4395,41.19,4.5388,-11.91,4
22.507,4.5481,34.744,22.315,-2.0806,4
27.851,3.0505,27.938,25.154,-16.765,4
24.897,23.421,41.924,10.239,-21.803,4
14.006,12.852,48.86,3.9272,-25.593,4
25.976,4.4561,34.486,16.719,-2.4183,4
16.49,7.3078,49.666,3.9086,-8.9248,4
31.132,5.0326,41.166,18.583,-3.3583,4
18.228,3.3493,42.116,5.3061,-13.292,4
29.799,14.668,40.486,17.528,-17.366,4
29.026,9.2955,39.028,15.37,-8.418,4
11.186,11.628,42.28,0.62815,-15.359,4
16.464,12.052,33.853,6.8662,-16.191,4
21.029,18.791,47.456,15.552,-21.999,4
17.279,20.492,38.492,-5.1425,-20.517,4
24.682,18.779,46.011,0.38751,-8.4436,4
28.066,11.238,39.951,1.4232,-9.465,4
16.363,19.892,35.426,4.5295,-19.557,4
14.819,8.6383,41.797,8.3997,-3.0911,4
18.112,19.19,32.461,16.405,-14.223,4
27.887,16.377,37.555,18.502,-10.072,4
25.079,0.52363,45.132,5.2772,-0.45611,4
26.696,-2.153,45.183,17.094,3.6594,4
12.256,6.4395,32.914,4.5262,-3.1,4
28.888,14.856,41.417,24.404,2.9142,4
-0.48909,10.947,35.013,2.9238,-9.5645,4
33.899,18.563,45.268,2.4315,-9.0916,4
24.586,6.9361,45.918,5.2934,-8.681,4
11.147,9.9817,49.006,8.5451,-15.522,4
37.133,-3.7851,34.808,11.003,-10.578,4
5.1447,25.045,43.318,7.6918,-12.295,4
21.508,5.7506,39.359,10.244,-9.8587,4
19.964,16.36,55.087,-5.0754,-9.2141,4
32.861,17.135,36.415,18.793,-20.523,4
27.749,10.318,38.87,-0.2268,-10.016,4
34.779,17.748,40.677,30.609,0.52946,4
14.741,15.472,37.498,7.7032,-16.511,4
12.512,9.9113,39.43,-5.4821,-16.62,4
7.6391,12.902,46.115,-3.6173,-25.353,4
22.591,21.027,50.852,0.86862,-9.6807,4
5.4954,15.781,43.08,12.038,-24.865,4
31.444,3.0586,44.673,13.351,-1.8602,4
18.183,12.108,36.561,22.089,-4.8421,4
22.155,13.503,30.504,17.165,-5.8854,4
21.314,21.401,33.181,19.041,-14.325,4
32.303,-2.9419,38.795,17.99,-5.8439,4
22.583,19.098,35.231,11.127,-15.463,4
29.299,2.286,38.619,4.9216,-11.79,4
24.675,19.839,38.172,20.782,-14.99,4
37.57,11.269,24.763,16.853,-2.7419,4
10.901,8.0978,28.36,18.472,-5.0175,4
19.324,15.2,26.265,29.886,-8.6794,4
15.459,12.998,33.164,1.3395,-5.4757,4
35.079,15.538,26.359,14.535,0.63175,4
38.235,-4.8431,29.38,26.966,4.1293,4
15.905,16.88,40.846,5.5705,-11.017,4
19.625,11.794,28.193,10.011,-10.275,4
3.4791,11.397,43.836,-0.020213,-17.528,4
30.12,1.4981,32.154,9.9169,0.2007,4
25.448,13.159,37.95,10.389,-20.563,4
31.564,14.659,37.19,5.5074,-2.2863,4
17.101,19.838,35.088,11.433,-12.34,4
27.279,15.208,42.768,11.664,-15.078,4
36.435,11.27,51.881,13.873,-18.436,4
30.902,12.236,29.069,22.765,-5.2406,4
6.0337,17.082,38.746,1.3274,-8.0835,4
15.779,5.9898,33.119,12.555,-2.7949,4
23.525,16.088,56.051,6.208,-11.502,4
24.767,4.677,44.672,18.682,-3.1167,4
33.677,0.82132,48.417,12.127,-0.70985,4
34.664,8.7718,35.651,15.126,-15.973,4
29.584,9.45,40.922,12.006,-10.508,4
21.184,10.538,48.249,12.712,-12.283,4
28.237,-0.96576,35.197,26.64,-12.767,4
22.388,14.638,30.264,15.118,-9.2557,4
20.874,6.4746,41.765,7.9606,-1.5711,4
21.278,18.777,43.894,-0.52598,-18.958,4
25.119,-3.0461,44.669,21.156,-5.7094,4
22.207,16.253,39.373,12.527,-9.9136,4
20.934,0.23172,41.894,10.106,-11.741,4
17.837,7.062,43.161,10.567,-18.996,4
15.954,9.6647,34.186,9.603,-3.6379,4
31.878,-1.5505,44.154,28.506,-1.0426,4
23.382,18.931,42.191,0.93994,-13.977,4
13.948,4.1204,35.559,3.0936,-7.1318,4
33.215,17.957,41.146,22.67,-15.278,4
22.091,5.8931,32.209,13.896,-3.7575,4
14.775,11.155,34.735,13.234,-15.952,4
20.584,1.4429,40.292,27.738,-6.9177,4
12.841,8.1645,54.943,1.9432,-12.354,4
10.243,12.717,38.474,14.1,-12.604,4
17.175,19.822,33.533,13.077,-4.5074,4
35.689,3.1084,44.151,11.085,-16.565,4
15.487,5.6529,38.605,11.971,-13.339,4
36.841,14.239,38.918,22.668,-15.908,4
18.286,14.539,34.236,20.669,-4.2439,4
13.314,8.6769,41.182,2.4394,-20.241,4
10.839,11.637,33.064,0.51879,-24.753,4
14.974,11.406,43.648,7.4574,-15.216,4
2.6774,28.133,32.025,12.922,-8.4502,4
12.259,14.418,46.279,3.9145,-10.834,4
31.096,17.041,48.702,14.908,-11.722,4
20.603,3.9928,41.979,7.4101,-12.277,4
29.482,8.8018,40.676,13.532,-8.9446,4
21.689,18.313,46.965,-2.6681,-25.337,4
24.627,19.13,45.569,18.87,-8.3426,4
5.9172,14.838,47.179,9.5911,-20.542,4
38.372,4.4981,38.499,19.953,-7.6754,4
1.6431,10.755,51.114,3.3564,-12.311,4
33.643,17.037,42.785,16.654,-17.629,4
11.128,11.831,47.271,16.912,-5.3872,4
30.849,3.808,34.633,19.776,-6.2572,4
8.2,15.832,42.578,-1.9837,-18.332,4
31.06,8.0086,43.65,25.36,-11.82,4
10.73,15.068,46.67,-1.62,-20.364,4
25.498,1.4699,33.082,10.9,-14.153,4
7.152,18.957,48.066,-0.18979,-9.6711,4
21.155,13.639,50.556,12.045,-13.124,4
31.52,13.071,31.645,18.222,0.86188,4
17.532,4.175,26.5,16.903,-7.537,4
15.915,20.826,36.092,8.8172,-23.755,4
27.274,13.28,39.793,11.196,-13.751,4
24.838,5.3805,33.116,20.268,-18.538,4
37.767,8.3016,40.574,20.496,-15.526,4
20.175,12.012,43.748,18.635,-9.9489,4
21.899,19.185,35.955,-3.2829,-22.91,4
9.7971,19.279,35.096,1.1648,-20.322,4
29.068,6.0924,32.918,7.9488,-7.8757,4
25.723,21.607,38.649,16.378,-8.0355,4
21.373,18.426,44.747,1.6398,-21.703,4
0.86601,29.176,33.682,-4.8999,-28.882,4
13.918,9.1761,40.249,7.0313,-20.345,4
23.318,4.6035,31.582,14.357,-14.902,4
11.633,7.8234,36.787,6.5074,-10.479,4
14.109,11.004,45.622,-5.5688,-16.065,4
23.441,5.0974,41.829,11.174,-22.352,4
28.335,12.907,43.494,20.953,-3.2223,4
10.846,5.3622,42.914,9.1397,-26.435,4
36.501,2.9752,32.861,14.169,-2.3865,4
20.39,16.861,52.439,8.318,-3.7656,4
17.301,3.7622,43.42,11.496,-11.909,4
23.961,19.935,33.362,14.86,-16.142,4
32.864,3.9549,47.382,13.765,-13.648,4
38.644,0.98464,40.939,20.922,-3.4377,4
30.411,7.7283,33.906,2.5255,-1.6074,4
22.819,12.35,37.553,7.8058,-15.14,4
22.192,11.596,48.558,-5.9991,-19.561,4
10.482,21.387,42.581,15.813,-16.456,4
34.412,18.204,43.21,15.768,-10.899,4
3.1531,15.603,50.346,-5.3802,-15.759,4
13.604,18.108,51.133,2.3186,-17.671,4
25.416,0.90146,32.14,27.062,-4.4676,4
28.281,15.165,39.557,9.0608,-14.108,4
23.168,7.3624,36.395,12.08,-4.93,4
25.244,17.535,41.114,12.44,-11.109,4
27.707,3.8872,47.279,3.3166,-4.5146,4
39.064,2.3175,34.638,22.327,-11.2,4
28.682,10.462,28.692,11.595,-5.6783,4
7.0155,24.954,38.84,-8.9042,-13.093,4
17.785,13.879,48.298,5.0236,-17.427,4
16.228,19.343,37.273,-3.646,-12.51,4
29.29,1.7568,34.798,27.104,-13.15,4
11.254,11.775,46.544,2.2674,-4.76,4
18.456,20.427,36.535,24.658,-8.7211,4
33.207,1.4522,40.532,24.086,-12.625,4
15.847,9.7973,32.388,7.6586,-19.156,4
24.43,21.544,32.728,12.271,-17.356,4
24.775,2.553,49.278,15.908,-9.1864,4
27.304,11.608,46.952,4.1408,-2.8491,4
13.392,19.782,48.45,14.421,-13.131,4
27.535,4.2727,46.284,-6.1688,-10.735,4
27.864,11.232,30.24,4.6113,-16.064,4
36.051,2.8042,33.318,11.647,-11.62,4
28.136,13.656,49.108,5.0543,-19.379,4
7.7731,17.269,2.4373,19.028,12.839,5
33.536,10.379,20.014,16.784,11.819,5
21.047,18.928,15.945,19.773,12.55,5
16.65,22.999,18.444,13.055,22.093,5
47.145,17.841,23.89,9.0868,21.001,5
47.893,8.005,22.895,23.985,16.567,5
48.064,19.063,13.481,10.169,14.95,5
45.379,12.215,23.066,16.776,13.595,5
16.325,11.806,21.869,27.447,28.21,5
26.699,16.129,24.348,23.712,24.683,5
37.476,10.604,8.8192,9.9407,21.975,5
42.571,7.8606,9.3889,17.01,25.444,5
20.775,10.864,16.216,29.8,24.803,5
24.337,26.093,9.1816,27.259,24.959,5
11.62,16.964,23.32,33.547,27.725,5
22.197,12.129,2.6872,8.2546,27.757,5
18.794,24.255,16.18,17.949,12.769,5
24.765,11.131,23.03,30.453,23.466,5
33.116,20.203,13.739,22.419,24.675,5
20.914,26.548,10.123,23.14,11.635,5
53.876,16.281,23.652,17.429,9.9283,5
42.12,13.021,15.944,23.165,9.1362,5
44.118,16.496,7.4123,18.337,14.991,5
42.374,18.794,25.748,13.75,11.152,5
36.258,8.4306,11.825,13.344,21.033,5
11.144,25.666,15.944,27.575,14.611,5
33.462,16.685,19.739,12.262,21.713,5
25.701,17.195,4.7055,28.694,21.969,5
25.631,14.84,17.459,21.061,23.258,5
22.42,23.571,6.6505,22.891,23.343,5
30.01,21.672,25.088,21.954,23.873,5
23.395,26.364,24.11,21.711,15.71,5
19.423,20.555,23.93,17.578,17.109,5
20.408,16.816,12.146,29.38,22.787,5
46.068,7.3649,6.9627,14.171,13.465,5
45.866,12.564,9.247,23.52,24.43,5
19.295,22.964,10.036,17.456,27.847,5
25.855,14.809,10.251,11.506,17.865,5
9.1159,22.223,7.572,25.842,18.692,5
23.548,9.6252,24.371,20.765,31.171,5
42.873,14.619,20.036,12.453,23.739,5
19.393,26.766,15.265,15.173,13.71,5
28.123,28.489,16.663,6.1576,19.581,5
22.882,25.288,7.0262,17.394,16.837,5
33.731,11.447,21.935,14.555,20.955,5
18.825,8.9681,17.237,13.301,12.433,5
37.183,18.033,16.68,23.817,8.8266,5
36.242,18.938,13.839,16.535,24.373,5
26.729,25.485,9.3147,24.947,27.6,5
44.714,6.0865,18.452,7.1531,27.447,5
48.635,12.321,21.353,15.615,11.496,5
36.861,21.526,21.483,13.284,14.03,5
23.379,20.552,15.356,21.722,29.903,5
47.223,13.815,13.065,11.999,23.848,5
31.562,24.742,7.0495,26.25,10.785,5
43.642,11.353,15.181,12.142,27.522,5
50.445,13.996,5.2459,17.373,10.06,5
18.586,11.204,14.885,20.772,16.761,5
46.11,20.931,10.867,4.5653,24.214,5
31.094,14.151,15.64,9.582,20.213,5
31.699,18.443,23.218,12.152,28.224,5
43.632,18.958,4.3146,3.5611,23.567,5
23.345,19.402,4.9698,4.1964,17.102,5
27.251,19.499,21.386,27.56,27.157,5
10.963,30.598,1.3551,20.198,13.478,5
21.297,11.21,7.0789,22.206,24.079,5
20.056,24.93,21.569,10.375,14.351,5
50.375,20.332,17.103,19.814,15.578,5
29.919,16.572,18.129,19.225,16.758,5
50.191,21.763,18.897,21.955,17.444,5
31.831,20.509,19.73,20.091,15.688,5
32.947,18.283,26.828,27.702,22.939,5
32.118,13.435,13.093,11.326,20.475,5
11.26,17.618,3.0889,10.373,22.911,5
31.718,23.609,15.113,20.508,18.256,5
37.333,23.239,11.251,20.934,20.552,5
20.454,13.825,21.288,18.1,11.949,5
21.432,22.929,13.992,23.993,24.723,5
32.28,18.485,9.218,5.4525,26.387,5
12.34,22.569,14.611,22.52,13.418,5
33.444,20.376,11.826,16.486,21.878,5
36.117,8.5491,25.205,24.043,8.0758,5
39.975,14.138,20.124,4.756,13.323,5
35.72,14.037,19.693,21.732,13.029,5
37.509,11.549,13.357,9.6897,12.792,5
40.886,17.947,9.6199,24.004,8.4779,5
12.605,29.432,10.038,28.959,23.334,5
12.799,19.317,22.191,25.411,24.466,5
13.28,13.987,4.9138,24.244,14.784,5
29.258,24.125,20.591,6.5783,19.325,5
9.8317,9.0659,16.73,16.828,29.933,5
20.237,16.593,7.9229,23.328,18.693,5
41.599,16.871,16.887,11.94,19.917,5
25.315,22.999,8.5008,14.8,25.434,5
22.463,27.676,13.888,25.149,22.118,5
15.281,9.7465,12.419,27.978,24.731,5
29.632,22.464,6.3406,20.98,17.72,5
41.192,23.839,23.258,10.801,9.2806,5
17.897,25.876,23.106,19.419,18.166,5
19.227,9.2846,23.125,26.719,21.315,5
39.082,17.674,4.4359,20.408,15.054,5
19.518,25.265,15.497,32.89,21.011,5
15.723,13.149,5.6764,30.534,29.071,5
43.841,11.32,16.467,6.9435,8.6392,5
16.777,14.858,16.992,13.904,26.64,5
23.08,21.292,18.995,31.147,18.347,5
19.041,15.942,16.804,17.934,25.638,5
27.498,19.906,4.6128,25.082,18.454,5
31.061,10.14,17.784,28.34,28.503,5
22.384,13.947,7.1846,10.738,29.748,5
52.475,10.651,10.979,26.584,23.416,5
17.036,8.6003,18.944,31.017,17.719,5
23.632,12.947,9.6714,23.713,12.269,5
21.413,20.83,26.96,12.218,22.918,5
32.416,18.358,5.3291,13.604,10.685,5
29.646,20.034,22.886,16.306,10.487,5
23.679,23.871,23.516,9.4183,16.333,5
42.778,26.343,11.565,18.629,17.335,5
22.484,11.933,11.384,11.091,14.149,5
6.066,11.875,14.74,25.07,28.187,5
42.734,15.464,12.265,20.198,24.662,5
37.428,15.519,22.196,15.101,9.7643,5
38.132,11.73,21.082,12.669,11.524,5
19.464,9.3185,5.5917,31.42,12.367,5
25.557,17.6,24.045,31.216,14.214,5
34.773,18.999,9.9703,26.005,22.687,5
36.987,25.886,21.791,6.2885,25.071,5
30.343,25.199,21.393,6.3831,10.202,5
8.9948,8.9698,25.248,30.01,29.617,5
40.813,23.131,7.4099,12.708,16.866,5
19.86,22.664,4.7036,25.605,14.804,5
35.563,19.948,23.766,21.942,9.4196,5
47.878,14.525,9.5422,13.714,27.463,5
27.644,15.948,20.729,11.729,8.776,5
17.094,30.722,12.837,21.244,17.472,5
19.312,7.7785,22.09,26.441,21.645,5
45.941,7.9153,22.961,16.227,10.157,5
26.032,19.012,6.9518,19.893,7.873,5
17.475,21.119,14.594,20.755,18.182,5
28.611,8.0874,23.645,27.877,14.54,5
8.7912,14.973,18.147,30.995,19.596,5
43.311,11.641,16.449,6.9007,24.697,5
37.517,6.8155,12.719,20.198,12.966,5
22.667,27.098,2.3963,12.744,15.369,5
39.014,13.526,16.086,20.51,14.175,5
35.297,11.745,9.308,25.651,18.138,5
20.508,27.106,9.5567,27.659,21.201,5
47.517,17.063,21.119,17.21,19.541,5
6.9411,29.305,15.536,15.604,20.107,5
12.791,12.01,9.3209,26.058,29.606,5
23.131,23.297,8.087,20.605,22.754,5
25.024,29.921,2.4873,21.077,13.586,5
50.732,16.39,10.742,3.8899,10.665,5
21.312,13.453,11.681,31.076,17.089,5
42.862,20.327,19.353,29.646,20.042,5
36.658,14.083,20.368,32.343,21.52,5
23.673,21.781,17.471,21.947,11.183,5
39.514,20.374,21.111,9.9967,22.682,5
11.336,23.091,24.071,13.707,14.858,5
43.177,6.3383,7.8327,19.119,9.5188,5
38.078,19.686,12.088,12.594,12.804,5
5.6039,31.633,15.278,10.093,14.084,5
7.0564,6.5201,11.29,30.097,26.488,5
27.32,17.893,5.9818,28.542,10.519,5
32.871,20.388,20.635,16.26,24.765,5
30.151,11.521,12.365,22.369,28.935,5
38.36,25.917,14.081,19.03,22.848,5
15.856,10.309,13.594,25.251,16.595,5
29.796,9.2743,17.811,12.027,17.874,5
31.134,22.75,2.8363,5.6981,9.539,5
28.005,11.935,19.643,21.884,16.841,5
35.501,16.984,17.335,22.526,28.082,5
11.703,26.265,6.3061,12.681,16.959,5
32.325,19.417,7.1042,18.006,19.895,5
26.552,14.364,21.295,27.443,11.032,5
15.338,19.825,8.8075,8.8783,29.682,5
12.618,8.8801,12.966,27.361,22.451,5
30.414,11.741,15.211,13.321,26.752,5
28.622,10.644,12.188,16.563,16.616,5
24.441,25.556,12.947,14.047,22.456,5
40.493,19.694,20.728,22.946,11.482,5
49.729,10.373,8.1247,9.0082,18.891,5
23.495,12.171,20.154,8.9421,26.255,5
34.138,7.3598,17.872,9.2966,10.664,5
9.7395,17.832,9.3665,28.823,19.313,5
14.955,7.6205,6.2383,13.874,17.12,5
10.274,15.856,11.552,23.095,30.105,5
46.442,7.829,20.94,9.7171,23.176,5
23.627,15.69,11.361,11.75,19.178,5
45.507,7.3966,8.4252,9.688,8.591,5
34.5,18.928,12.045,17.83,19.466,5
22.131,15.651,19.201,20.726,14.449,5
10.912,17.063,5.5149,22.065,29.875,5
13.344,12.636,9.7318,21.028,27.534,5
43.55,14.665,25.216,14.277,18.586,5
40.844,14.243,6.0108,16.966,15.287,5
35.912,23.382,12.058,6.7841,18.978,5
22.494,20.128,9.0403,10.885,26.968,5
15.198,16.199,12.671,15.763,19.955,5
33.528,16.685,14.266,22.587,22.78,5
22.063,25.114,7.423,17.051,12.887,5
43.162,7.4764,20.962,27.78,8.1349,5
47.279,6.3041,10.875,6.9271,23.167,5
26.59,8.9548,9.4124,18.727,28.851,5
30.958,25.326,18.151,8.0916,16.208,5
50.55,20.733,10.888,15.872,9.7369,5
34.293,10.701,15.569,22.139,26.32,5
21.754,12.358,8.8883,25.191,16.159,5
23.014,13.035,8.8004,7.9114,17.958,5
39.582,15.839,2.7991,22.389,23.616,5
47.79,27.039,12.462,15.968,12.315,5
30.821,13.692,5.8598,23.558,15.451,5
33.471,19.582,9.4946,31.843,24.112,5
24.034,10.132,19.441,10.517,17.116,5
33.191,23.573,12.683,17.585,24.711,5
32.566,21.233,21.936,13.403,22.193,5
29.503,17.83,10.463,7.8699,23.46,5
33.8,12.712,19.182,16.968,15.497,5
49.158,24.022,15.936,3.7768,14.471,5
25.526,23.531,5.6233,18.591,13.17,5
21.911,12.663,11.15,25.779,11.974,5
30.254,21.014,10.607,23.481,20.845,5
25.501,22.817,3.1479,9.7612,20.718,5
20.832,22.591,22.595,12.079,23.168,5
40.007,20.633,13.629,6.7257,24.391,5
23.429,21.947,4.9691,21.764,15.712,5
33.211,24.41,22.151,22.437,26.092,5
39.257,7.2004,13.735,25.188,12.631,5
41.773,20.194,23.848,27.633,18.568,5
15.514,20.717,18.409,22.361,17.476,5
50.979,13.74,11.659,5.8576,10.215,5
46.108,25.288,11.813,19.464,19.212,5
40.165,17.813,18.241,25.242,10.663,5
24.796,21.426,10.045,32.739,31.282,5
10.393,22.794,23.691,24.01,14.468,5
34.412,21.145,19.151,11.165,11.424,5
23.283,13.396,11.221,26.306,23.821,5
30.361,20.523,14.101,29.175,23.863,5
33.972,25.565,4.8155,10.445,22.669,5
12.874,7.9119,18.291,28.967,18.555,5
12.546,22.288,14.239,15.146,26.816,5
41.522,20.052,4.2178,9.5716,21.722,5
48.929,6.9647,13.274,23.273,23.748,5
39.662,25.78,15.95,18.566,28.773,5
21.936,12.072,12.53,20.196,17.335,5
38.26,10.453,26.978,15.007,27.963,5
32.748,24.97,16.008,20.707,17.014,5
55.928,14.967,9.2679,6.6436,10.027,5
27.074,11.737,21.968,21.173,19.367,5
24.192,5.0222,14.74,15.114,19.185,5
46.208,19.507,21.567,26.402,14.953,5
33.56,24.736,10.072,6.4606,9.324,5
41.073,14.696,7.3372,20.033,8.2037,5
26.834,13.334,17.497,12.205,19.279,5
19.512,24.117,7.2818,13.947,26.631,5
23.747,19.519,13.662,12.408,12.102,5
23.011,11.98,18.813,17.044,10.42,5
25.403,28.568,13.832,20.412,13.096,5
14.943,21.08,14.166,13.086,22.82,5
24.351,22.253,18.579,24.794,26.263,5
10.97,22.569,16.472,20.398,29.417,5
49.101,19.634,11.877,15.995,14.36,5
19.745,10.091,4.2717,22.827,12.79,5
29.52,5.2257,21.315,18.776,27.741,5
43.148,13.043,14.891,12.339,15.855,5
24.429,17.887,9.7409,30.008,31.716,5
38.051,8.3879,14.719,23.397,16.315,5
49.449,12.687,9.2227,13.526,23.377,5
34.752,9.2218,11.461,19.797,14.165,5
43.424,16.793,18.278,7.7592,24.978,5
49.36,7.9312,14.089,5.8548,21.453,5
6.6976,10.726,12.715,20.632,16.724,5
28.936,20.549,3.8903,20.132,22.219,5
10.082,14.724,13.973,18.339,27.772,5
22.869,13.682,16.003,16.004,26.531,5
43.076,15.578,21.781,16.409,23.036,5
21.01,15.419,22.226,27.181,18.518,5
21.259,7.9021,18.845,22.414,11.802,5
49.434,24.301,19.217,10.554,9.1479,5
26.916,6.3365,6.1609,12.417,24.82,5
23.701,11.788,20.612,21.217,25.475,5
10.715,22.51,11.557,16.304,16.724,5
37.826,13.826,9.9985,21.376,16.038,5
12.029,21.316,17.012,21.772,15.512,5
25.57,21.367,19.808,8.71,10.339,5
29.092,14.466,17.491,28.578,11.476,5
18.576,22.52,15.309,19.244,29.749,5
17.884,16.067,21.607,22.437,27.663,5
42.4,14.429,14.057,20.267,9.2603,5
43.501,21.135,15.835,14.183,25.306,5
21.877,22.162,14.317,31.326,28.104,5
30.183,16.935,22.533,18.011,16.131,5
22.432,12.217,23.81,20.154,25.759,5
52.609,16.894,21.382,11.357,17.256,5
55.799,23.05,19.267,13.116,7.4947,5
33.285,22.286,13.551,14.917,8.9506,5
42.982,9.3999,14.197,14.582,7.0872,5
43.471,21.298,20.723,3.3325,18.269,5
28.824,12.089,17.973,9.6423,10.141,5
20.398,12.659,14.047,31.173,30.867,5
54.34,26.933,15.619,18.648,17.256,5
35.168,13.032,14.289,17.931,25.025,5
55.87,10.037,15.398,6.9747,11.238,5
41.059,9.3722,15.605,14.527,13.88,5
13.59,21.591,15.371,13.42,28.187,5
22.636,19.48,17.915,10.857,23.067,5
33.77,14.389,7.0852,24.344,16.225,5
32.802,13.884,21.616,14.259,16.011,5
33.262,13.479,10.604,14.688,16.117,5
21.195,9.035,24.564,30.487,26.434,5
30.851,11.772,19.156,12.398,15.73,5
42.05,15.115,9.8052,12.907,16.83,5
30.217,19.888,24.533,15.826,11.117,5
37.744,20.107,20.233,14.229,8.1787,5
31.297,9.0446,17.987,20.516,14.383,5
41.1,23.093,3.8529,7.9516,7.899,5
23.968,18.205,1.9362,9.8364,23.079,5
20.518,15.781,23.053,24.971,27.345,5
27.549,30.064,8.1883,8.5652,11.092,5
33.39,10.473,7.8616,2.895,27.5,5
15.32,21.851,24.592,26.011,14.889,5
29.489,25.06,18.448,20.211,20.266,5
25.497,20.987,10.649,21.274,27.599,5
32.838,15.714,10.817,19.894,10.913,5
34.635,7.6233,13.485,15.844,23.467,5
34.235,26.85,21.316,5.065,16.982,5
33.115,18.499,15.088,21.371,13.462,5
37.334,21.014,15.804,6.2564,17.814,5
38.013,20.875,26.563,18.734,14.352,5
26.405,26.735,14.617,21.573,14.291,5
23.315,18.455,12.796,24.914,24.911,5
15.775,14.275,1.3913,8.9041,18.614,5
41.43,26.219,21.312,3.2893,18.871,5
32.928,24.156,6.3527,13.793,8.7262,5
44.071,6.5595,18.289,23.144,16.949,5
6.9123,19.762,15.337,34.316,21.264,5
24.997,18.078,18.479,10.65,27.949,5
51.928,15.178,22.29,14.701,27.124,5
29.885,7.2893,7.6887,25.117,23.876,5
30.659,16.63,22.615,10.817,25.23,5
25.891,24.053,12.305,9.7986,14.125,5
33.459,22.659,7.0654,25.439,27.358,5
43.4,13.254,23.337,7.7653,20.119,5
38.896,24.077,7.9877,5.3209,25.116,5
46.182,14.164,10.18,3.6807,14.271,5
37.485,7.3602,8.7015,18.337,9.6399,5
25.739,15.994,19.758,19.554,20.297,5
9.0606,7.3702,14.492,28.544,14.245,5
22.538,23.332,9.782,26.383,23.703,5
12.608,27.632,5.3433,20.273,24.321,5
22.721,7.3451,25.5,29.834,22.259,5
36.455,18.9,26.623,29.57,14.649,5
27.783,18.505,5.5225,20.042,28.05,5
36.545,22.097,6.0492,11.324,7.3614,5
16.186,24.707,21.577,22.44,19.362,5
43.434,14.075,24.919,27.007,14.947,5
38.291,14.279,21.739,9.6347,18.816,5
24.536,27.058,16.826,16.892,26.699,5
31.985,8.4012,14.57,24.236,7.8518,5
22.731,17.258,7.0125,23.82,12.556,5
30.904,19.064,8.7155,21.633,27.892,5
42.546,10.374,10.842,14.656,13.276,5
31.64,16.831,16.862,26.076,24.381,5
35.805,18.957,10.59,6.8438,7.9141,5
20.999,18.159,2.7699,19.179,11.631,5
38.499,23.439,9.5701,19.626,21.782,5
28.884,20.51,14.2,8.2537,23.723,5
17.958,31.405,1.5101,10.666,25.309,5
29.335,8.6927,25.009,27.162,28.968,5
11.03,9.2736,8.6635,30.882,28.649,5
27.788,8.1633,19.728,26.342,19.987,5
46.652,22.418,11.789,21.533,24.148,5
26.228,18.287,15.113,26.973,29.699,5
31.156,23.224,24.067,21.322,11.402,5
8.3957,20.056,5.9474,26.514,23.066,5
36.877,19.062,13.348,9.2007,21.144,5
41.758,23.582,6.6182,6.7118,19.3,5
21.43,6.4639,15.072,15.597,18.343,5
21.361,11.516,19.672,6.2622,16.218,5
33.344,14.088,7.8769,1.4516,25.201,5
13.275,22.574,18.315,4.9865,22.23,5
42.683,22.894,11.472,21.624,25.473,5
18.897,10.437,10.782,13.258,13.128,5
21.347,21.149,12.194,24.803,10.782,5
29.326,18.748,24.249,25.333,12.914,5
28.291,28.651,5.1009,16.728,15.081,5
25.856,21.113,24.333,23.527,14.183,5
52.689,10.548,18.999,13.655,13.426,5
10.998,18.869,19.692,12.68,20.511,5
21.118,12.331,19.957,24.291,18.477,5
38.519,19.263,21.795,12.546,15.151,5
34.447,22.765,12.307,13.832,14.464,5
26.866,16.925,18.488,25.853,21.35,5
54.996,24.524,25.678,12.084,7.8592,5
16.208,20.863,5.3088,19.559,25.795,5
12.356,15.28,6.9255,18.897,24.518,5
32.72,15.096,8.3939,13.506,13.054,5
43.746,18.611,6.0206,8.365,20.712,5
8.0603,23.704,9.3034,13.368,19.476,5
38.276,13.361,16.196,17.661,9.8014,5
20.488,23.127,23.675,26.226,28.266,5
40.634,14.501,18.984,11.282,5.894,5
34.427,6.417,25.406,9.8615,20.948,5
31.178,18.392,20.134,30.613,30.464,5
41.214,28.779,8.7332,8.6962,24.26,5
14.46,25.685,7.3062,14.512,11.058,5
54.06,12.885,11.689,10.113,17.493,5
24.801,25.796,15.184,16.504,14.693,5
41.85,20.605,18.785,15.799,18.246,5
36.686,13.562,15.522,13.36,12.963,5
41.07,26.105,14.998,2.456,22.218,5
30.284,12.011,16.966,17.811,15.674,5
38.137,20.424,22.107,19.903,25.872,5
32.238,10.669,21.943,6.2756,26.312,5
19.24,8.8986,8.2617,26.711,21.349,5
31.482,6.4791,17.262,16.726,20.203,5
44.043,18.161,8.5228,10.467,18.903,5
48.368,8.9675,16.195,9.3057,19.813,5
23.29,28.759,6.1443,17.499,10.44,5
32.004,9.8987,9.0184,22.285,20.859,5
23.206,13.642,20.549,13.438,14.083,5
44.698,22.513,9.2888,20.232,11.924,5
29.159,12.242,9.8222,7.232,24.202,5
22.478,13.214,8.6183,23.628,22.114,5
7.4406,12.452,18.769,28.839,23.282,5
33.798,24.326,19.51,11.433,27.701,5
40.685,21.667,6.3669,-0.42506,23.647,5
51.035,20.994,11.579,14.277,13.699,5
21.197,27.493,21.316,10.058,24.247,5
22.361,18.958,7.5561,24.902,26.957,5
21.783,13.351,11.399,30.792,29.572,5
48.483,25.213,22.874,15.325,9.8119,5
20.654,14.923,17.955,9.9178,20.428,5
16.642,7.0339,17.464,32.705,13.861,5
25.244,22.408,14.605,24.166,17.041,5
25.028,24.182,17.013,11.172,15.071,5
17.56,17.877,20.324,22.055,30.452,5
34.306,20.402,11.979,25.336,22.034,5
38.902,15.636,14.863,7.2315,8.1242,5
46.569,10.315,19.727,11.615,9.947,5
27.137,25.984,5.6052,20.624,23.404,5
39.805,18.46,15.247,19.645,7.7792,5
36.434,14.772,6.2809,27.78,21.147,5
43.677,7.168,27.625,19.721,8.2851,5
24.36,10.996,16.015,8.4807,17.924,5
26.895,30.071,12.39,9.1058,20.453,5
18.791,20.129,7.4163,19.862,15.356,5
48.063,18.914,15.999,12.841,26.628,5
22.812,16.757,9.2405,22.782,21.063,5
33.954,20.536,7.8775,8.0895,24.224,5
6.3589,9.5702,6.4209,24.716,15.657,5
31.69,11.366,18.713,19.292,26.66,5
20.306,19.789,8.1802,12.337,13.517,5
25.745,19.475,5.3906,11.767,22.18,5
43.907,8.8461,18.662,15.1,10.541,5
35.057,14.46,10.64,27.588,12.18,5
34.633,15.9,3.493,18.658,17.492,5
30.481,9.6977,12.37,22.499,12.934,5
30.692,29.956,18.766,6.3029,26.004,5
38.617,25.725,18.06,5.8921,10.446,5
36.101,17.636,10.107,16.619,22.709,5
39.809,18.811,14.454,19.675,23.322,5
23.005,20.879,16.573,24.382,20.295,5
32.074,20.643,9.7915,27.089,24.43,5
35.973,10.796,23.668,21.992,14.733,5
37.644,26.016,25.19,15.484,17.286,5
36.993,17.707,25.486,16.17,9.2597,5
38.989,14.937,8.0244,3.7931,13.432,5
35.394,15.59,21.321,30.203,14.665,5
15.295,11.426,23.451,18.69,15.919,5
26.801,17.935,7.2149,7.7688,26.9,5
40.177,10.415,20.508,18.505,10.81,5
8.6619,27.497,15.512,26.538,12.789,5
22.691,8.4981,7.8349,17.369,28.64,5
24.126,12.654,14.988,22.426,22.221,5
25.374,16.27,12.235,23.471,11.88,5
19.04,22.462,10.661,17.684,14.36,5
28.103,21.417,14.463,26.004,10.748,5
19.068,18.911,13.274,20.231,27.425,5
32.18,21.414,3.6786,25.827,17.8,5
21.034,21.023,6.3484,10.787,24.619,5
13.689,21.093,11.328,10.854,19.919,5
47.916,9.7199,25.004,6.6172,12.293,5
16.148,18.826,20.124,18.846,18.273,5
26.15,15.565,19.884,6.0045,13.239,5
29.259,22.101,18.914,14.535,14.557,5
45.297,14.669,14.267,9.1794,17.157,5
40.742,21.954,14.527,2.8845,11.045,5
34.655,20.364,25.516,13.525,13.401,5
50.989,26.29,11.564,5.7834,10.565,5
48.283,14.925,17.075,17.526,25.078,5
24.313,26.034,17.604,16.556,22.419,5
28.198,13.428,12.463,19.15,11.99,5
39.102,18.535,13.023,9.7758,7.646,5
44.866,7.3639,26.019,19.762,20.12,5
15.461,26.494,13.802,5.8741,22.865,5
21.753,24.955,20.501,25.237,20.074,5
47.41,23.518,21.665,22.505,18.121,5
34.92,16.621,20.807,11.665,11.56,5
22.138,14.427,21.191,19.817,14.297,5
21.374,15.582,6.5407,15.935,30.554,5
7.2669,18.76,1.2946,26.625,18.163,5
36.551,20.282,10.499,7.198,12.956,5
48.666,13.947,11.944,8.9229,8.4475,5
28.738,24.94,16.016,10.278,23.239,5
39.338,14.967,18.461,16.078,22.995,5
23.181,17.876,10.15,16.635,15.136,5
34.485,25.208,17.151,9.9577,18.629,5
36.089,15.724,22.098,9.4598,8.0377,5
50.397,12.676,5.4628,14.672,21.303,5
17.172,24.72,23.37,32.552,31.344,5
27.885,17.801,24.5,17.803,18.488,5
20.108,24.855,25.328,26.631,25.854,5
52.725,25.804,6.3951,24.997,20.294,5
36.636,20.253,5.8587,13.883,25.05,5
49.481,22.865,21.89,9.7835,14.011,5
45.634,22.778,22.965,18.115,21.588,5
32.741,9.5453,12.451,16.282,15.088,5
43.807,21.964,20.411,10.091,15.776,5
23.713,14.035,23.506,23.241,12.63,5
28.701,13.234,26.092,13.623,20.864,5
15.067,17.114,14.822,13.845,11.623,5
21.093,28.986,11.925,2.9603,14.281,5
23.33,11.575,9.9527,13.487,29.993,5
18.812,13.363,7.1163,23.221,24.252,5
